account_id,categoria
4670,"B"
2312,"B"
3749,"C"
1606,"B"
2243,"C"
3450,"C"
3511,"C"
480,"C"
1667,"C"
4516,"C"
4354,"C"
2590,"C"
3833,"C"
3076,"C"
4253,"C"
728,"C"
715,"C"
3739,"C"
1878,"C"
3089,"C"
3383,"C"
4091,"C"
3321,"C"
4000,"B"
3242,"B"
115,"C"
2758,"C"
2708,"C"
3312,"C"
3507,"C"
4517,"C"
4349,"C"
1749,"C"
3090,"B"
2410,"C"
1237,"C"
1525,"C"
2346,"C"
1658,"C"
1827,"B"
2959,"B"
915,"C"
1407,"B"
1141,"C"
2394,"C"
2435,"B"
3456,"B"
654,"C"
1564,"C"
4335,"C"
2450,"B"
2670,"C"
1153,"B"
3930,"C"
3650,"C"
1526,"C"
1711,"C"
1751,"B"
4331,"B"
507,"C"
487,"B"
356,"B"
2247,"C"
3469,"B"
1665,"C"
2769,"B"
1177,"C"
2298,"B"
2985,"C"
364,"C"
1805,"C"
3422,"B"
4328,"C"
641,"B"
489,"C"
2623,"C"
2255,"C"
2089,"B"
2254,"B"
1106,"B"
1585,"B"
1152,"C"
3475,"B"
3502,"C"
3432,"B"
4090,"C"
3578,"B"
312,"B"
3479,"C"
3567,"B"
2133,"C"
1878,"B"
3011,"B"
4484,"B"
3851,"C"
1253,"B"
372,"C"
2738,"C"
2703,"B"
917,"C"
1959,"B"
1874,"C"
2900,"C"
2501,"C"
3468,"C"
3067,"C"
2365,"B"
1604,"C"
3598,"C"
1558,"C"
3099,"C"
925,"C"
1913,"C"
2723,"C"
4018,"C"
2563,"B"
1234,"C"
1660,"C"
3597,"B"
2515,"C"
513,"B"
1147,"C"
2716,"C"
4611,"C"
4536,"C"
554,"C"
3814,"C"
262,"B"
3092,"C"
1512,"C"
873,"C"
4112,"C"
822,"C"
1127,"C"
4213,"C"
453,"C"
126,"C"
2092,"B"
4058,"C"
1863,"C"
3065,"C"
1069,"C"
3482,"C"
1864,"C"
650,"C"
4997,"C"
1507,"C"
1929,"C"
475,"C"
2072,"C"
4556,"C"
259,"C"
1232,"C"
192,"C"
683,"C"
166,"B"
1068,"B"
3769,"C"
4718,"C"
3724,"B"
1820,"B"
4529,"C"
1481,"C"
3126,"C"
1935,"C"
4805,"C"
4742,"C"
4269,"C"
963,"B"
3429,"B"
3623,"B"
1464,"C"
4292,"C"
2991,"C"
1237,"B"
3717,"C"
789,"B"
3947,"C"
4704,"C"
1637,"B"
3770,"C"
2810,"C"
3731,"C"
1439,"C"
512,"B"
1484,"C"
1856,"C"
554,"B"
4263,"B"
382,"B"
1951,"B"
4981,"B"
4323,"C"
652,"C"
4787,"C"
2044,"B"
637,"C"
3394,"C"
25,"B"
53,"C"
3793,"C"
67,"B"
4180,"B"
1373,"C"
1211,"C"
1890,"B"
89,"B"
1102,"C"
3658,"B"
112,"C"
1260,"C"
1540,"C"
3327,"C"
4685,"C"
1435,"B"
4217,"B"
4664,"C"
1575,"C"
282,"C"
3425,"C"
2516,"C"
1603,"B"
1728,"C"
4925,"C"
1335,"C"
2342,"C"
533,"C"
180,"C"
2230,"C"
2807,"B"
3901,"C"
2381,"C"
4668,"C"
3005,"C"
2071,"C"
1588,"B"
2804,"C"
3550,"B"
1855,"C"
3174,"C"
1985,"B"
1054,"C"
2727,"C"
136,"B"
786,"B"
718,"B"
2048,"B"
4376,"C"
2997,"C"
1965,"C"
4074,"C"
2040,"B"
874,"B"
2011,"C"
826,"C"
3747,"C"
2381,"C"
595,"C"
821,"C"
4972,"C"
4871,"B"
1015,"B"
2314,"B"
402,"C"
4015,"B"
1680,"C"
3016,"C"
2243,"B"
4536,"B"
3719,"C"
932,"B"
2381,"B"
4463,"B"
848,"C"
4071,"C"
2577,"C"
306,"C"
3857,"C"
1189,"B"
770,"C"
3082,"B"
1973,"B"
3934,"B"
1150,"C"
3155,"C"
3461,"B"
1842,"C"
301,"B"
1659,"C"
2412,"B"
1770,"B"
4811,"C"
187,"C"
4355,"B"
3878,"C"
3291,"C"
827,"B"
3756,"C"
3695,"B"
4889,"C"
4611,"C"
3242,"C"
3662,"B"
2246,"B"
1292,"B"
755,"C"
4672,"C"
3410,"B"
2113,"C"
4475,"C"
4431,"B"
1213,"B"
304,"C"
3771,"B"
3876,"B"
2988,"C"
807,"B"
4766,"B"
1195,"B"
4546,"C"
4819,"B"
4368,"C"
3532,"C"
537,"B"
1879,"B"
30,"C"
3905,"B"
4452,"C"
2855,"B"
1048,"B"
3268,"C"
4391,"C"
1880,"C"
74,"C"
372,"B"
46,"C"
4673,"C"
2990,"C"
783,"C"
1806,"C"
4,"B"
1463,"C"
936,"B"
3355,"C"
2164,"C"
4801,"C"
506,"B"
329,"C"
1546,"C"
4737,"B"
1068,"C"
4173,"C"
4884,"C"
4809,"B"
3234,"C"
3122,"B"
3020,"C"
4574,"C"
4252,"B"
2318,"C"
1170,"C"
3613,"C"
2255,"C"
206,"B"
3759,"B"
1472,"B"
3371,"C"
4427,"C"
391,"B"
3379,"C"
1894,"C"
2295,"C"
3538,"B"
4033,"B"
9,"B"
2605,"C"
4153,"C"
927,"C"
4441,"B"
3743,"C"
3653,"C"
2019,"B"
1528,"C"
3154,"C"
889,"C"
3922,"C"
946,"C"
530,"B"
4315,"B"
102,"B"
4117,"C"
4977,"C"
4329,"B"
1193,"B"
1786,"B"
87,"C"
337,"C"
1112,"C"
4565,"B"
2121,"C"
4605,"C"
4919,"C"
578,"C"
2329,"C"
4468,"C"
240,"C"
4482,"B"
3691,"C"
1264,"B"
2663,"C"
1897,"C"
2328,"B"
1379,"B"
733,"C"
1989,"B"
2292,"C"
2904,"C"
2961,"B"
2222,"C"
2379,"C"
866,"C"
3267,"C"
4507,"C"
2795,"C"
1517,"B"
1297,"B"
1968,"C"
185,"B"
2303,"C"
2878,"C"
1746,"C"
2230,"C"
2808,"B"
2959,"B"
1321,"C"
36,"B"
2356,"C"
2794,"B"
2427,"C"
3723,"C"
2405,"B"
4014,"B"
1765,"B"
1858,"C"
918,"C"
770,"C"
2849,"B"
2884,"B"
2570,"C"
3440,"C"
128,"B"
412,"C"
855,"C"
2078,"B"
3169,"C"
2101,"C"
3341,"C"
809,"C"
1768,"B"
1693,"C"
3424,"C"
1755,"C"
3496,"C"
2100,"C"
4734,"C"
3955,"B"
2048,"C"
671,"C"
4183,"C"
1910,"B"
3536,"C"
1490,"C"
2460,"C"
629,"B"
1803,"B"
3052,"C"
1605,"C"
2018,"B"
3608,"B"
4992,"C"
699,"C"
2592,"C"
4043,"B"
940,"C"
2981,"C"
1633,"C"
4380,"B"
2914,"C"
821,"B"
1636,"C"
4188,"C"
2755,"B"
4643,"C"
4545,"C"
170,"B"
1428,"C"
894,"C"
1150,"B"
3956,"C"
2841,"B"
1756,"B"
1895,"C"
3530,"C"
3404,"B"
4266,"C"
1919,"C"
96,"C"
3311,"C"
4317,"C"
4060,"C"
236,"C"
1630,"B"
1927,"C"
2240,"B"
436,"B"
2795,"C"
3994,"C"
3994,"C"
3471,"C"
4628,"C"
2311,"C"
4583,"C"
2309,"C"
3903,"C"
1307,"C"
688,"C"
4171,"C"
2530,"B"
1386,"C"
828,"C"
544,"C"
4151,"C"
31,"C"
3758,"B"
4838,"C"
4379,"B"
4385,"B"
4017,"C"
3415,"B"
3034,"B"
4856,"B"
841,"C"
3814,"B"
236,"C"
392,"C"
2400,"C"
4838,"C"
3575,"C"
3629,"C"
3444,"C"
3768,"C"
3672,"C"
1816,"C"
1098,"B"
4615,"C"
1613,"B"
24,"C"
2428,"C"
1181,"C"
782,"C"
900,"C"
1578,"C"
1887,"C"
1569,"B"
1442,"C"
3941,"B"
935,"B"
3695,"B"
3461,"C"
738,"C"
220,"C"
3444,"C"
1089,"C"
1164,"B"
2466,"C"
4181,"B"
1381,"B"
2012,"B"
1911,"B"
751,"C"
1992,"C"
2017,"C"
1332,"C"
797,"C"
3377,"B"
292,"B"
2977,"B"
4865,"B"
2461,"B"
3187,"C"
1806,"B"
4074,"C"
2502,"C"
1052,"B"
437,"C"
1800,"C"
2562,"B"
3784,"B"
4195,"C"
3517,"C"
1149,"C"
3098,"B"
1201,"C"
258,"C"
1579,"C"
2105,"B"
1777,"C"
2114,"B"
872,"C"
2998,"C"
4412,"C"
3854,"C"
4867,"B"
2926,"C"
1078,"C"
4401,"B"
1178,"C"
4366,"C"
3305,"C"
2702,"C"
2591,"C"
2807,"C"
2897,"B"
4410,"C"
1437,"B"
3365,"B"
357,"B"
2168,"B"
3446,"C"
4334,"C"
184,"B"
2813,"C"
2111,"C"
4318,"B"
2783,"B"
3591,"C"
2416,"C"
2884,"B"
3942,"C"
893,"B"
350,"C"
4267,"C"
4609,"C"
2838,"C"
3925,"C"
231,"C"
3845,"C"
1104,"B"
2820,"C"
3810,"C"
853,"C"
4860,"B"
4299,"C"
3327,"C"
3883,"B"
1727,"B"
834,"C"
2110,"C"
870,"B"
972,"C"
4661,"B"
1045,"C"
793,"C"
716,"C"
2973,"C"
4552,"B"
3382,"C"
417,"B"
3033,"B"
4298,"C"
413,"B"
2429,"C"
2559,"B"
3362,"C"
4612,"B"
4622,"B"
4625,"C"
3294,"C"
3919,"B"
3820,"B"
3430,"B"
1288,"C"
4331,"C"
2230,"C"
4722,"B"
2943,"C"
2476,"B"
3957,"B"
1095,"C"
158,"B"
806,"B"
2963,"B"
3498,"B"
1480,"B"
3058,"C"
4792,"C"
3495,"B"
813,"C"
4132,"C"
2531,"C"
4752,"C"
1876,"B"
1368,"C"
2070,"C"
3421,"C"
3555,"C"
3314,"C"
1102,"C"
129,"B"
2981,"C"
2888,"B"
4893,"B"
1655,"C"
3039,"C"
4786,"B"
3868,"B"
519,"B"
2309,"C"
3546,"B"
4693,"C"
1527,"C"
2258,"C"
3008,"C"
4327,"C"
1901,"C"
1728,"B"
3491,"C"
4288,"B"
3344,"C"
3939,"C"
3900,"C"
2955,"B"
3066,"C"
3272,"C"
3823,"C"
2779,"C"
1953,"C"
237,"B"
525,"C"
4321,"C"
4343,"B"
2780,"B"
974,"C"
4540,"C"
4033,"C"
3100,"B"
1485,"B"
855,"C"
1766,"C"
2962,"C"
2393,"C"
388,"C"
813,"C"
459,"B"
1228,"B"
361,"C"
4076,"B"
2625,"B"
1786,"C"
4013,"B"
4684,"B"
3473,"C"
2829,"C"
4174,"B"
100,"C"
2517,"B"
4216,"B"
1781,"B"
4350,"C"
234,"C"
3146,"C"
1020,"C"
4319,"C"
4384,"C"
3143,"C"
4493,"B"
4782,"C"
3732,"C"
4271,"B"
4743,"B"
1497,"C"
2665,"C"
3157,"C"
4936,"C"
1511,"B"
19,"B"
3336,"C"
404,"C"
827,"C"
744,"C"
422,"C"
23,"C"
4337,"B"
2756,"C"
1800,"C"
4520,"C"
4517,"C"
1137,"C"
1067,"C"
1220,"C"
2401,"C"
1140,"C"
1880,"C"
4214,"C"
662,"C"
311,"B"
1764,"C"
4072,"C"
1583,"C"
983,"B"
3370,"C"
869,"C"
2906,"B"
1594,"B"
3931,"C"
4134,"C"
4609,"C"
4303,"C"
233,"C"
799,"C"
4417,"C"
4761,"B"
1117,"C"
1705,"C"
3408,"C"
4103,"C"
1543,"C"
1806,"C"
295,"B"
4735,"C"
134,"C"
1392,"C"
3689,"C"
3887,"C"
4793,"C"
1500,"C"
4648,"C"
4125,"C"
1317,"C"
2194,"B"
345,"C"
3575,"C"
568,"C"
3006,"C"
3923,"C"
2148,"C"
2368,"C"
601,"B"
1575,"C"
2248,"B"
293,"C"
3340,"B"
951,"C"
3378,"C"
4476,"B"
2218,"B"
2132,"C"
1289,"C"
220,"C"
4189,"C"
1996,"B"
3018,"C"
1519,"B"
951,"C"
3295,"C"
2673,"B"
2739,"C"
1290,"C"
3604,"C"
4735,"C"
2094,"C"
323,"C"
78,"C"
1815,"C"
343,"C"
2128,"C"
1584,"B"
1619,"B"
819,"B"
4608,"C"
1457,"C"
3525,"C"
2228,"B"
3913,"B"
3013,"C"
3976,"C"
496,"B"
2972,"B"
2608,"B"
3973,"B"
1309,"B"
43,"B"
1921,"B"
2937,"C"
1665,"C"
4492,"B"
2256,"C"
3751,"C"
1146,"C"
4242,"B"
2076,"C"
3712,"C"
2740,"B"
258,"C"
2889,"C"
1262,"C"
1764,"C"
2622,"C"
1998,"C"
2206,"B"
130,"C"
3263,"C"
4936,"C"
1679,"C"
1585,"C"
1884,"C"
4410,"C"
3595,"B"
672,"C"
2406,"C"
2526,"B"
3190,"C"
4443,"B"
815,"C"
1914,"C"
2677,"C"
306,"C"
3819,"C"
4999,"B"
1578,"C"
4105,"C"
1655,"C"
1916,"C"
3313,"C"
4118,"C"
4403,"C"
1324,"B"
4176,"B"
1399,"C"
4703,"C"
582,"B"
4195,"C"
449,"B"
3254,"C"
2398,"C"
2180,"C"
4995,"C"
311,"C"
313,"B"
4295,"C"
332,"B"
3078,"C"
2122,"B"
264,"C"
3261,"B"
1383,"B"
4076,"B"
3451,"B"
149,"C"
2584,"C"
4630,"C"
2275,"B"
3012,"B"
520,"C"
1951,"C"
3257,"C"
3791,"B"
670,"C"
3490,"C"
1151,"C"
2925,"C"
2959,"C"
899,"C"
76,"C"
4237,"C"
1527,"B"
3087,"C"
4925,"C"
1599,"C"
2460,"C"
4859,"B"
2109,"C"
1653,"B"
2169,"C"
2231,"C"
2555,"C"
3618,"B"
346,"C"
3881,"C"
4617,"B"
3642,"B"
2060,"C"
3221,"C"
1045,"B"
1541,"B"
2632,"B"
3984,"C"
1246,"B"
1912,"C"
3924,"B"
2365,"B"
3975,"B"
1400,"C"
628,"C"
4240,"C"
2458,"C"
4570,"C"
1011,"C"
409,"C"
3673,"C"
1302,"B"
3173,"C"
4900,"B"
4366,"C"
4016,"B"
1899,"C"
982,"C"
2864,"C"
4294,"C"
3515,"C"
1419,"B"
1892,"C"
2753,"B"
649,"C"
681,"C"
3429,"C"
2364,"C"
947,"C"
445,"B"
1830,"B"
2963,"C"
6,"C"
3745,"B"
4673,"C"
1977,"C"
896,"C"
4113,"B"
2176,"C"
4451,"C"
3972,"B"
4446,"B"
2770,"C"
1288,"C"
169,"C"
3216,"C"
1761,"B"
1335,"C"
4546,"C"
1413,"C"
4086,"B"
230,"C"
3610,"C"
1369,"C"
2990,"B"
3937,"B"
1146,"C"
4199,"C"
2862,"C"
834,"C"
4008,"C"
4708,"C"
4024,"C"
1729,"C"
4706,"C"
4503,"C"
3341,"C"
1981,"C"
567,"C"
1685,"C"
2603,"B"
2777,"C"
2770,"B"
4717,"C"
3391,"C"
3817,"C"
4307,"B"
2440,"B"
4636,"B"
2068,"B"
3734,"B"
4315,"C"
586,"C"
41,"C"
2410,"B"
3442,"B"
3417,"B"
1600,"B"
1288,"C"
126,"C"
1071,"C"
1666,"C"
521,"B"
4906,"C"
1854,"C"
313,"B"
3509,"C"
2062,"B"
2664,"B"
83,"B"
3187,"B"
1834,"C"
2494,"B"
4678,"C"
1388,"C"
2117,"C"
3503,"B"
3247,"B"
4177,"C"
2031,"B"
3891,"C"
3808,"C"
651,"C"
4063,"B"
811,"C"
1937,"C"
2399,"C"
612,"C"
819,"B"
4618,"B"
4250,"C"
4945,"C"
1523,"C"
3808,"B"
746,"B"
3111,"B"
2789,"C"
4417,"B"
988,"C"
887,"C"
3067,"B"
3729,"B"
1922,"C"
4019,"C"
941,"B"
1061,"C"
2644,"C"
1946,"C"
478,"C"
2102,"C"
2626,"C"
966,"C"
3861,"C"
4227,"C"
2833,"B"
325,"B"
1899,"C"
3848,"C"
4844,"C"
538,"C"
294,"B"
3494,"C"
91,"B"
3374,"B"
2630,"B"
2136,"B"
2012,"C"
4354,"B"
4645,"C"
1110,"C"
3295,"C"
1515,"C"
4963,"C"
2173,"C"
3477,"C"
3188,"B"
1176,"C"
2241,"C"
2947,"C"
721,"B"
3577,"B"
1875,"B"
435,"C"
1053,"C"
2384,"C"
2426,"C"
252,"C"
3718,"B"
3072,"B"
38,"C"
2231,"C"
4662,"B"
3479,"C"
3455,"C"
3115,"B"
10,"C"
1804,"B"
1810,"B"
4930,"C"
4853,"B"
546,"C"
1223,"C"
137,"C"
4954,"C"
778,"C"
1617,"C"
2774,"B"
1318,"C"
4436,"B"
2558,"C"
1228,"C"
876,"C"
771,"C"
3529,"B"
2358,"C"
4348,"C"
762,"C"
1510,"C"
2204,"C"
3535,"C"
4429,"C"
3854,"C"
2445,"C"
3758,"B"
4525,"C"
3547,"B"
1200,"C"
4143,"C"
664,"C"
4526,"C"
4814,"C"
1792,"C"
1130,"C"
4248,"C"
2266,"C"
1178,"B"
785,"B"
2140,"C"
1731,"C"
4564,"B"
1956,"C"
1921,"B"
2684,"C"
1296,"C"
2725,"C"
26,"B"
2058,"C"
3438,"C"
4561,"B"
1784,"C"
2152,"C"
4459,"B"
2036,"C"
4284,"B"
3270,"B"
3779,"B"
1012,"C"
4926,"C"
3990,"C"
4198,"B"
164,"B"
1129,"C"
2380,"C"
1446,"C"
1038,"C"
2135,"C"
1155,"C"
4571,"C"
890,"C"
2850,"B"
2442,"C"
4828,"C"
2115,"C"
4002,"B"
3074,"C"
4143,"C"
72,"C"
1021,"C"
378,"B"
3113,"C"
1645,"C"
409,"C"
2114,"C"
3244,"B"
3241,"C"
2161,"C"
81,"C"
1943,"C"
642,"C"
2401,"C"
30,"B"
3999,"C"
1608,"B"
3631,"B"
2074,"B"
3172,"C"
3333,"C"
832,"B"
1784,"C"
4442,"C"
4990,"C"
4083,"C"
4682,"C"
3088,"C"
4755,"C"
2991,"C"
317,"B"
63,"B"
1221,"C"
2206,"C"
4257,"C"
729,"C"
802,"C"
1485,"C"
2665,"C"
2050,"C"
3030,"B"
2889,"B"
4689,"B"
3542,"C"
2139,"C"
28,"B"
3966,"C"
3683,"C"
4054,"B"
1386,"B"
621,"C"
3637,"C"
729,"C"
331,"C"
1979,"B"
4599,"B"
40,"B"
2210,"B"
2802,"C"
3646,"B"
504,"C"
4970,"C"
332,"C"
4123,"C"
1925,"C"
1836,"B"
723,"B"
1595,"B"
1831,"C"
4973,"C"
2114,"B"
1329,"C"
2300,"C"
3652,"B"
3896,"C"
227,"C"
3311,"C"
4346,"C"
687,"C"
2282,"C"
1438,"C"
3416,"C"
180,"B"
2551,"C"
1962,"B"
1114,"C"
121,"C"
3713,"C"
3273,"C"
3029,"C"
4532,"C"
3460,"C"
3510,"B"
250,"C"
2940,"C"
4256,"C"
2480,"B"
2448,"C"
1483,"C"
4959,"C"
645,"B"
1917,"B"
325,"C"
2164,"B"
2061,"C"
4666,"C"
2075,"C"
4573,"B"
530,"B"
2187,"C"
3910,"C"
3622,"B"
4309,"C"
3329,"C"
1396,"B"
1744,"B"
3285,"C"
745,"B"
4073,"C"
3074,"C"
1609,"B"
4722,"C"
4277,"C"
207,"C"
119,"C"
4775,"C"
1546,"B"
1982,"C"
1162,"C"
199,"C"
1867,"C"
3439,"C"
4907,"B"
4408,"C"
671,"C"
1008,"B"
1610,"C"
3363,"C"
3267,"C"
539,"B"
4529,"C"
4490,"C"
712,"C"
411,"C"
1576,"B"
3105,"C"
2077,"C"
148,"C"
2678,"B"
687,"C"
3075,"C"
3753,"B"
3959,"B"
1625,"B"
4205,"C"
1898,"B"
3712,"C"
1843,"C"
4065,"C"
681,"C"
4416,"C"
1419,"B"
3544,"B"
4826,"C"
2691,"C"
3209,"B"
3259,"C"
2953,"B"
97,"B"
843,"C"
2975,"C"
3320,"C"
115,"C"
3774,"B"
35,"C"
1055,"C"
327,"C"
231,"C"
3591,"C"
1271,"B"
2781,"B"
3506,"B"
2881,"B"
2141,"C"
446,"C"
1579,"C"
3082,"C"
504,"C"
3068,"B"
3991,"C"
1886,"C"
3078,"C"
4773,"C"
2010,"C"
3773,"B"
270,"C"
2676,"C"
2886,"C"
1397,"B"
1543,"B"
4874,"B"
3232,"C"
2734,"B"
1523,"C"
1422,"C"
1140,"C"
2223,"B"
2046,"B"
2478,"B"
665,"C"
390,"B"
3609,"B"
4622,"C"
2796,"C"
694,"B"
2631,"B"
727,"C"
884,"C"
506,"C"
2544,"C"
3690,"B"
4805,"C"
2759,"C"
2922,"C"
1308,"B"
196,"B"
1936,"B"
2957,"C"
2135,"B"
1440,"C"
823,"C"
786,"C"
573,"C"
1171,"B"
29,"C"
4803,"C"
4708,"B"
3663,"B"
1434,"B"
4327,"B"
4627,"C"
776,"C"
4303,"C"
2561,"B"
1704,"B"
1626,"C"
1496,"C"
1363,"C"
2431,"C"
4977,"C"
3922,"C"
78,"B"
3623,"C"
3896,"C"
1748,"B"
1701,"C"
4186,"B"
2596,"C"
3581,"C"
383,"C"
3847,"C"
1263,"C"
3983,"C"
602,"C"
3682,"C"
3353,"B"
640,"B"
4995,"C"
3035,"C"
4829,"B"
4711,"C"
1808,"B"
1982,"C"
4413,"C"
2607,"C"
3871,"C"
517,"C"
2468,"B"
1568,"C"
756,"C"
4250,"B"
3763,"B"
1685,"C"
1078,"B"
2545,"B"
2348,"B"
3759,"B"
916,"B"
579,"C"
257,"C"
2671,"B"
264,"C"
271,"C"
2965,"C"
3640,"B"
1744,"C"
2027,"C"
4957,"B"
1049,"C"
4404,"C"
3906,"B"
119,"C"
3364,"C"
997,"B"
2315,"B"
387,"C"
3366,"C"
4133,"B"
4767,"B"
992,"C"
911,"C"
4038,"C"
1090,"B"
1265,"C"
283,"B"
1942,"C"
2616,"C"
1149,"C"
3953,"C"
1698,"C"
431,"C"
812,"C"
165,"C"
2949,"B"
183,"B"
1706,"B"
664,"C"
2597,"C"
1809,"B"
2151,"B"
931,"C"
1529,"B"
3069,"C"
2490,"C"
3026,"C"
3996,"C"
2032,"C"
4838,"C"
1103,"C"
2821,"C"
520,"C"
4879,"C"
4414,"B"
232,"B"
2084,"B"
2819,"B"
2467,"C"
4745,"B"
3168,"C"
1249,"C"
2831,"C"
3679,"B"
1742,"C"
503,"C"
222,"C"
2733,"C"
1059,"B"
2749,"B"
1945,"C"
3443,"C"
1642,"C"
1748,"B"
3894,"C"
4667,"C"
943,"C"
3293,"C"
3629,"C"
817,"C"
3546,"C"
3287,"C"
1632,"C"
3928,"C"
4104,"B"
2145,"C"
1903,"B"
2249,"C"
643,"C"
562,"B"
4980,"C"
1753,"C"
1476,"B"
1985,"B"
3606,"C"
3235,"C"
4082,"B"
4877,"B"
1003,"B"
3070,"C"
215,"C"
2706,"C"
4146,"C"
586,"C"
2527,"C"
572,"C"
1039,"B"
1156,"C"
3441,"C"
2452,"C"
4870,"B"
715,"C"
3686,"B"
79,"B"
591,"B"
3261,"C"
1449,"C"
4395,"C"
3112,"C"
4120,"B"
4638,"C"
4871,"B"
2281,"B"
3415,"B"
2753,"C"
3875,"C"
3299,"C"
2072,"B"
4440,"C"
4955,"C"
1427,"B"
2808,"B"
4234,"B"
4378,"B"
693,"C"
949,"B"
850,"B"
3025,"C"
4201,"C"
1270,"C"
3965,"C"
2502,"C"
413,"B"
1563,"C"
4229,"C"
3983,"B"
2912,"B"
3083,"C"
2888,"B"
1374,"B"
989,"C"
2035,"C"
941,"B"
2852,"B"
4436,"C"
452,"C"
1928,"B"
228,"C"
2996,"C"
2851,"C"
4598,"C"
2337,"B"
1192,"C"
2035,"B"
4946,"B"
2550,"B"
2033,"B"
1192,"C"
262,"B"
3209,"B"
1010,"C"
1454,"C"
1555,"C"
4869,"C"
403,"C"
2697,"C"
1571,"C"
4616,"B"
1646,"B"
3343,"C"
711,"C"
2123,"C"
3781,"C"
2750,"C"
1850,"C"
1805,"C"
2052,"B"
4067,"C"
3006,"C"
2982,"C"
4210,"C"
1516,"C"
1979,"B"
3510,"C"
478,"C"
3037,"C"
2234,"C"
2438,"B"
3143,"B"
1632,"C"
1285,"C"
4080,"B"
1173,"B"
4025,"C"
3757,"C"
1966,"B"
500,"C"
3578,"C"
891,"C"
4951,"C"
4419,"B"
225,"C"
4196,"C"
2915,"B"
2776,"C"
3837,"C"
2153,"C"
1567,"B"
2292,"C"
3034,"B"
1244,"C"
4846,"B"
4553,"C"
2507,"C"
4542,"B"
3516,"C"
4044,"C"
2170,"C"
3764,"C"
1520,"B"
4710,"C"
3083,"B"
2675,"B"
134,"C"
2293,"B"
548,"C"
327,"C"
2923,"B"
3974,"C"
4407,"B"
2725,"B"
537,"B"
1513,"B"
4922,"B"
4753,"C"
1370,"C"
2530,"C"
4721,"B"
286,"C"
2042,"C"
4228,"C"
1363,"C"
171,"C"
4400,"C"
3874,"B"
3628,"C"
2599,"C"
2754,"B"
570,"B"
1383,"C"
930,"C"
3884,"C"
2139,"C"
3899,"C"
4984,"B"
2589,"B"
796,"C"
1716,"C"
4837,"B"
2142,"C"
2548,"C"
1025,"C"
1465,"B"
2543,"C"
2420,"C"
1325,"C"
4000,"B"
89,"C"
3147,"B"
2476,"C"
4231,"B"
3040,"B"
772,"B"
2843,"C"
1692,"C"
3589,"C"
4635,"C"
794,"C"
1180,"B"
4538,"B"
4154,"C"
3564,"C"
444,"C"
242,"C"
3645,"C"
1594,"C"
2062,"B"
1747,"C"
704,"B"
742,"C"
3402,"C"
1125,"C"
4023,"C"
1444,"C"
4211,"C"
653,"B"
3214,"C"
4320,"B"
1411,"C"
873,"C"
1163,"B"
1786,"C"
1099,"B"
2928,"B"
3346,"C"
3253,"C"
3685,"B"
2323,"C"
2007,"B"
818,"C"
4305,"B"
72,"B"
3893,"C"
3807,"C"
1672,"C"
33,"B"
3450,"C"
3084,"C"
2925,"C"
4825,"C"
4219,"C"
1702,"C"
3106,"C"
1214,"C"
1575,"C"
3493,"C"
1863,"C"
35,"C"
544,"C"
2988,"B"
4965,"C"
4469,"C"
1999,"C"
956,"C"
832,"B"
4709,"C"
3837,"C"
2137,"B"
1699,"B"
3191,"C"
3419,"C"
3792,"C"
4796,"B"
1925,"C"
1315,"C"
719,"C"
2886,"C"
1730,"C"
635,"B"
2371,"C"
4087,"C"
2111,"C"
4958,"B"
3420,"B"
1364,"C"
3149,"C"
715,"B"
1449,"C"
1304,"B"
3968,"C"
3864,"C"
2803,"C"
2264,"C"
4312,"B"
4653,"B"
3601,"C"
3576,"B"
480,"B"
1373,"B"
1528,"B"
1186,"C"
4906,"C"
499,"C"
3200,"C"
4873,"B"
4044,"B"
2932,"C"
4885,"C"
3348,"C"
2106,"B"
3117,"B"
1412,"C"
4373,"C"
1871,"B"
3373,"C"
3448,"C"
4889,"C"
2566,"B"
192,"C"
828,"B"
2585,"B"
506,"C"
3864,"B"
150,"B"
4061,"C"
3831,"C"
1970,"C"
177,"C"
3134,"C"
1185,"C"
1650,"C"
4931,"C"
4506,"C"
253,"B"
248,"C"
4643,"C"
1691,"B"
3139,"C"
428,"B"
906,"C"
3214,"B"
1212,"B"
3834,"B"
3339,"B"
4443,"C"
691,"C"
4264,"C"
3409,"C"
4326,"C"
2013,"C"
3958,"B"
1813,"C"
4537,"C"
4589,"C"
2621,"B"
4574,"C"
4054,"B"
317,"B"
3012,"B"
1628,"C"
727,"B"
2554,"C"
556,"C"
4042,"C"
4440,"C"
3522,"C"
2455,"B"
4188,"C"
1992,"B"
4273,"B"
166,"B"
4110,"C"
1897,"C"
2081,"B"
2564,"C"
2488,"C"
4931,"C"
2078,"C"
3947,"C"
3474,"B"
2159,"C"
2059,"C"
3969,"B"
1160,"B"
771,"C"
2835,"C"
3659,"B"
4012,"B"
880,"C"
4446,"C"
3605,"C"
985,"C"
905,"C"
632,"B"
3414,"B"
1084,"B"
1710,"B"
2048,"C"
457,"B"
892,"B"
2235,"B"
2482,"B"
2876,"B"
1859,"B"
2169,"C"
4284,"C"
4026,"B"
3731,"C"
246,"B"
4490,"B"
4302,"C"
1289,"C"
3579,"B"
1963,"B"
774,"C"
722,"C"
3732,"C"
332,"B"
226,"B"
4454,"B"
2069,"C"
3060,"C"
526,"B"
3223,"C"
760,"B"
66,"C"
835,"C"
165,"B"
3813,"C"
2265,"B"
1667,"C"
1554,"C"
1413,"C"
3208,"C"
4458,"C"
2080,"B"
2584,"B"
161,"C"
172,"C"
3128,"C"
3439,"C"
4093,"C"
4887,"C"
1071,"B"
326,"B"
469,"C"
150,"C"
1050,"C"
3351,"C"
1474,"B"
4270,"B"
3633,"B"
1538,"C"
588,"C"
744,"B"
2766,"C"
1175,"B"
401,"C"
2631,"B"
4966,"B"
1092,"C"
884,"B"
2248,"C"
3604,"C"
1130,"C"
4819,"B"
132,"C"
3436,"B"
107,"C"
2968,"C"
723,"C"
414,"C"
1120,"C"
1649,"C"
2079,"C"
1922,"C"
2986,"B"
474,"C"
4576,"C"
1132,"B"
1856,"B"
824,"B"
4216,"B"
1971,"C"
888,"B"
3219,"C"
2052,"C"
1718,"B"
2370,"C"
2325,"C"
3249,"C"
697,"C"
4101,"C"
2721,"C"
3982,"C"
302,"C"
131,"C"
3210,"C"
3372,"C"
1268,"C"
4826,"B"
2396,"C"
1720,"B"
1745,"C"
998,"B"
437,"B"
1442,"C"
1622,"C"
2307,"C"
4120,"C"
201,"C"
4114,"B"
4961,"B"
266,"C"
4851,"B"
3718,"B"
4199,"C"
2279,"B"
4752,"C"
3518,"B"
159,"B"
4035,"C"
2058,"C"
4893,"C"
1229,"B"
4380,"C"
2081,"B"
3938,"B"
3328,"B"
1477,"C"
1636,"B"
2844,"B"
4513,"C"
2713,"B"
4697,"C"
4717,"B"
95,"C"
1384,"B"
1976,"C"
1955,"B"
4640,"C"
4408,"C"
2391,"B"
2768,"C"
3046,"B"
2087,"C"
3628,"B"
847,"C"
2921,"B"
3812,"C"
2942,"C"
3368,"C"
1839,"C"
3490,"C"
1206,"C"
4298,"B"
3754,"B"
4626,"B"
3896,"C"
2287,"C"
2904,"C"
4127,"B"
1478,"B"
3500,"C"
4300,"B"
2402,"C"
4247,"B"
967,"C"
260,"C"
4962,"C"
4639,"B"
210,"C"
3902,"C"
2700,"B"
2447,"C"
4460,"C"
4453,"C"
2650,"B"
1639,"C"
1671,"C"
4483,"C"
4255,"C"
1037,"C"
3687,"B"
45,"C"
1379,"C"
1340,"B"
4407,"C"
1670,"B"
1371,"C"
3339,"C"
3420,"C"
1212,"C"
1298,"C"
4757,"B"
2522,"C"
1346,"C"
1147,"C"
2902,"C"
2784,"B"
351,"C"
1213,"C"
204,"C"
643,"C"
4610,"C"
1204,"C"
1758,"C"
3318,"B"
3425,"C"
1821,"B"
1100,"B"
4758,"C"
4731,"C"
519,"C"
2763,"B"
503,"C"
3213,"C"
3168,"C"
2953,"C"
2240,"B"
4781,"C"
1849,"C"
3335,"B"
3244,"C"
4483,"C"
4030,"C"
4762,"C"
3226,"C"
1975,"B"
1223,"C"
4829,"B"
1561,"C"
3366,"C"
1541,"B"
991,"C"
4664,"B"
2503,"B"
224,"C"
3378,"B"
3963,"B"
3611,"B"
1758,"C"
3531,"C"
3222,"B"
818,"C"
2557,"B"
2001,"C"
2029,"C"
1109,"C"
219,"B"
1241,"C"
3569,"C"
281,"C"
2891,"C"
3449,"C"
583,"C"
1526,"B"
3360,"C"
3339,"C"
2218,"B"
1340,"C"
2174,"C"
142,"B"
2554,"B"
3559,"C"
3452,"C"
587,"C"
3464,"C"
2168,"C"
2936,"B"
3250,"C"
2944,"C"
2552,"B"
4953,"C"
1029,"B"
3321,"B"
707,"C"
1422,"C"
4883,"B"
195,"B"
3570,"B"
1532,"C"
2296,"C"
729,"C"
4623,"B"
1726,"C"
1384,"C"
2887,"C"
737,"B"
4614,"C"
3200,"B"
3540,"C"
2221,"C"
2125,"B"
4571,"C"
1464,"C"
159,"B"
3869,"C"
221,"C"
2539,"B"
2274,"C"
1244,"C"
3027,"C"
1023,"B"
1471,"C"
3430,"C"
2701,"C"
4658,"B"
346,"C"
121,"C"
2112,"C"
1278,"B"
162,"C"
1347,"C"
517,"B"
4724,"C"
1111,"B"
3460,"B"
3849,"B"
4447,"B"
2628,"B"
4009,"C"
1483,"B"
2359,"C"
766,"C"
2241,"C"
4403,"B"
4410,"C"
4458,"C"
4514,"C"
3069,"C"
2630,"C"
4076,"B"
725,"C"
1474,"C"
1798,"B"
2049,"C"
3699,"B"
1229,"C"
438,"B"
1767,"C"
672,"C"
4795,"C"
4027,"C"
4330,"B"
261,"C"
2368,"C"
970,"C"
3627,"C"
1906,"C"
3768,"C"
1819,"B"
316,"B"
4952,"C"
793,"C"
3326,"B"
1668,"C"
176,"C"
4026,"C"
2838,"C"
3553,"C"
2448,"C"
1346,"C"
423,"B"
334,"B"
3715,"C"
2331,"C"
2834,"C"
605,"B"
2431,"C"
4545,"C"
373,"C"
2506,"C"
3043,"C"
204,"C"
810,"B"
607,"C"
2887,"C"
1056,"C"
2283,"B"
1643,"C"
1868,"C"
1131,"C"
1242,"B"
4806,"B"
4846,"B"
4256,"B"
4727,"C"
3877,"C"
4928,"C"
4780,"C"
4062,"C"
735,"C"
3654,"C"
854,"B"
2511,"B"
253,"C"
2521,"B"
3312,"C"
2293,"B"
3700,"C"
2487,"C"
1029,"C"
2176,"C"
4432,"C"
4731,"C"
2453,"B"
3311,"C"
4290,"C"
218,"C"
4800,"C"
1139,"B"
1163,"B"
4691,"C"
2871,"B"
3587,"B"
4966,"B"
3249,"C"
4974,"B"
4312,"C"
405,"C"
874,"C"
487,"B"
818,"C"
2589,"B"
1932,"C"
2994,"C"
3654,"B"
1933,"C"
4679,"B"
1417,"C"
4946,"C"
2444,"C"
3954,"B"
3852,"C"
3519,"B"
1243,"C"
851,"C"
4920,"C"
2782,"C"
2866,"C"
3700,"B"
1105,"C"
1618,"C"
3603,"C"
39,"B"
2380,"C"
2244,"C"
4494,"C"
4990,"B"
2679,"B"
3364,"C"
2945,"B"
4283,"B"
2777,"C"
441,"B"
4817,"B"
3011,"B"
2311,"B"
217,"C"
2822,"B"
908,"C"
2166,"C"
12,"C"
1088,"B"
2502,"C"
972,"C"
2540,"C"
3908,"C"
3178,"B"
2291,"C"
4515,"C"
4895,"B"
3237,"C"
4101,"C"
4689,"B"
2521,"C"
2604,"C"
3546,"C"
3246,"C"
3091,"B"
2833,"C"
2771,"C"
2824,"C"
3220,"C"
1041,"C"
4281,"B"
459,"C"
771,"B"
1426,"C"
1664,"C"
2350,"C"
1313,"B"
2314,"C"
1942,"C"
3780,"B"
4680,"C"
267,"B"
3619,"C"
2588,"B"
2260,"C"
4542,"B"
1729,"B"
4983,"C"
626,"B"
4311,"C"
2540,"B"
4045,"B"
775,"B"
2484,"C"
2130,"C"
1246,"C"
4336,"C"
4474,"B"
4847,"C"
4443,"C"
4206,"B"
2065,"B"
4322,"B"
2972,"C"
4519,"B"
4676,"C"
2189,"C"
2030,"B"
4680,"B"
4032,"B"
2507,"B"
4720,"B"
460,"C"
1823,"B"
1182,"B"
725,"B"
3834,"C"
743,"C"
3934,"C"
2688,"C"
2627,"C"
4198,"B"
2508,"B"
1918,"B"
2321,"B"
4304,"B"
894,"C"
3250,"B"
2005,"C"
3683,"B"
4825,"C"
2339,"C"
4306,"B"
4265,"C"
80,"B"
86,"C"
4523,"C"
3585,"C"
4992,"C"
3306,"C"
51,"B"
2457,"C"
3286,"C"
3594,"C"
4103,"C"
2131,"C"
4513,"C"
2295,"B"
1401,"B"
889,"B"
303,"C"
653,"B"
463,"C"
646,"C"
2241,"C"
1577,"C"
1553,"C"
1983,"B"
4756,"C"
679,"C"
1782,"C"
4330,"C"
447,"C"
4426,"C"
603,"B"
2107,"C"
2503,"B"
1092,"C"
4928,"C"
4842,"B"
2137,"C"
4254,"C"
2858,"C"
749,"C"
4756,"B"
4094,"C"
1814,"C"
1794,"C"
3055,"C"
4572,"B"
4003,"B"
495,"B"
2524,"C"
1648,"C"
169,"C"
4711,"C"
3780,"B"
2340,"C"
365,"B"
3567,"B"
4121,"B"
1629,"C"
3403,"B"
2531,"C"
216,"C"
26,"B"
4418,"C"
1147,"C"
4406,"C"
2680,"C"
1401,"B"
2374,"C"
4869,"C"
788,"C"
3842,"B"
4775,"B"
1273,"C"
1783,"B"
2363,"C"
2053,"B"
1375,"C"
3539,"C"
2704,"C"
3286,"C"
1960,"C"
1433,"B"
4655,"C"
3979,"C"
1795,"B"
4647,"B"
67,"C"
361,"B"
3236,"C"
4089,"C"
306,"B"
844,"C"
585,"C"
2316,"C"
4201,"B"
1950,"C"
252,"B"
4802,"C"
3921,"B"
2779,"C"
1528,"C"
350,"C"
3468,"C"
2890,"C"
3773,"C"
501,"B"
57,"C"
1978,"C"
2454,"B"
886,"C"
3682,"C"
604,"C"
824,"C"
1116,"C"
946,"C"
247,"B"
1492,"B"
1319,"C"
1904,"C"
860,"C"
3868,"C"
4564,"C"
625,"B"
4482,"C"
1702,"B"
4577,"C"
3912,"C"
1114,"C"
642,"C"
4101,"C"
1040,"B"
3517,"C"
4950,"C"
1011,"C"
4069,"B"
1287,"C"
4229,"C"
3162,"C"
3018,"B"
2573,"C"
624,"C"
4723,"B"
3299,"C"
40,"B"
205,"C"
1970,"B"
671,"C"
3047,"C"
2880,"C"
1877,"C"
4715,"C"
277,"B"
4303,"C"
1529,"B"
1041,"B"
4241,"C"
2337,"C"
1326,"C"
1995,"C"
2890,"C"
3353,"B"
1778,"C"
3094,"B"
1749,"B"
1365,"C"
2213,"C"
3882,"C"
3768,"B"
1609,"B"
3525,"C"
3787,"C"
1197,"C"
187,"B"
2903,"C"
1807,"B"
342,"C"
3752,"B"
4034,"C"
4229,"C"
168,"C"
663,"C"
4653,"B"
163,"C"
3211,"C"
1165,"B"
1718,"B"
42,"C"
940,"C"
175,"B"
1435,"B"
1768,"C"
3049,"B"
1450,"B"
1787,"C"
737,"C"
1862,"C"
229,"B"
2711,"C"
2657,"C"
4588,"C"
1593,"B"
3964,"B"
461,"C"
313,"C"
1339,"C"
1726,"B"
156,"C"
1099,"C"
1596,"B"
3143,"C"
3465,"B"
4845,"B"
4883,"C"
2023,"C"
4011,"C"
3917,"C"
4584,"C"
1090,"B"
1371,"C"
3623,"C"
555,"C"
4511,"C"
4096,"B"
3772,"C"
4010,"C"
4332,"C"
1040,"C"
2336,"C"
4460,"C"
2735,"B"
969,"C"
840,"C"
3135,"C"
3212,"C"
139,"C"
195,"C"
2760,"C"
2564,"C"
4316,"C"
2170,"C"
1270,"C"
1664,"C"
3614,"B"
2423,"C"
4196,"C"
4702,"C"
3336,"C"
2138,"C"
4165,"B"
90,"C"
3160,"C"
1164,"C"
1157,"C"
442,"C"
3085,"C"
2313,"C"
4408,"B"
4907,"B"
4466,"C"
1007,"C"
4536,"C"
3048,"B"
1729,"C"
3357,"C"
2891,"C"
2958,"C"
965,"C"
4935,"B"
3304,"C"
1688,"C"
566,"B"
3301,"B"
2635,"B"
1477,"B"
4956,"C"
255,"C"
3453,"C"
338,"B"
4325,"C"
1738,"B"
3482,"C"
2568,"C"
1991,"C"
4622,"C"
2496,"C"
4445,"C"
4249,"C"
3754,"B"
3962,"C"
2275,"C"
2687,"B"
1362,"C"
3337,"C"
2262,"C"
3388,"C"
2695,"C"
3182,"C"
4802,"B"
3396,"B"
3403,"C"
2673,"C"
4046,"B"
4513,"B"
950,"C"
1390,"C"
1071,"C"
763,"C"
1703,"C"
2117,"B"
2414,"C"
4244,"C"
1723,"B"
3108,"B"
2152,"C"
2158,"B"
2178,"B"
3423,"C"
2405,"C"
633,"B"
621,"C"
254,"B"
938,"B"
3346,"C"
244,"C"
1740,"B"
1001,"C"
1280,"C"
1183,"C"
3400,"B"
2871,"C"
1156,"B"
4898,"C"
2120,"C"
2215,"B"
2907,"B"
4377,"C"
393,"C"
395,"C"
3544,"B"
4020,"C"
1319,"B"
2290,"B"
3911,"C"
3960,"B"
2229,"C"
2103,"C"
3648,"B"
2180,"B"
2371,"C"
3720,"C"
2783,"C"
4449,"B"
2012,"B"
3361,"B"
2974,"B"
3505,"C"
2656,"C"
1792,"B"
3184,"C"
2330,"C"
2674,"B"
4827,"C"
4935,"B"
4077,"C"
2729,"C"
830,"C"
3343,"B"
327,"B"
4807,"C"
520,"C"
3624,"C"
248,"C"
1455,"C"
341,"B"
289,"B"
623,"C"
3875,"B"
3024,"B"
2589,"C"
4852,"B"
1544,"B"
2549,"C"
833,"C"
2549,"C"
702,"B"
4789,"C"
4707,"C"
3827,"B"
2459,"C"
1154,"B"
1167,"C"
2570,"C"
424,"C"
4413,"C"
754,"C"
3734,"C"
688,"C"
1422,"B"
3048,"B"
2741,"C"
4913,"B"
2607,"C"
2138,"C"
1915,"C"
1947,"C"
3082,"C"
89,"C"
3593,"C"
3032,"C"
4157,"C"
3447,"C"
4808,"C"
3882,"C"
2879,"C"
4422,"C"
1175,"B"
925,"C"
375,"C"
2239,"C"
1457,"C"
1491,"C"
4255,"B"
615,"C"
381,"C"
4472,"C"
2968,"C"
3860,"B"
3777,"C"
4671,"C"
2078,"C"
4099,"C"
960,"B"
1718,"C"
2489,"C"
93,"C"
3042,"C"
2404,"B"
2055,"C"
1769,"C"
4626,"B"
1562,"C"
2257,"B"
4174,"B"
2137,"C"
1404,"B"
80,"C"
3403,"B"
2765,"C"
3423,"B"
3087,"C"
589,"C"
4291,"C"
1178,"C"
1992,"B"
4716,"C"
3396,"B"
4854,"B"
1094,"C"
2249,"C"
2597,"C"
3846,"C"
886,"C"
1825,"B"
2980,"B"
4839,"C"
4697,"B"
1399,"C"
370,"C"
4679,"C"
712,"C"
1,"B"
4934,"B"
2480,"C"
2153,"B"
4886,"C"
4907,"C"
2165,"B"
2849,"B"
3203,"C"
2240,"C"
32,"C"
2003,"B"
4972,"C"
912,"C"
1491,"B"
805,"C"
3857,"C"
4821,"B"
3202,"C"
821,"C"
2609,"B"
4267,"C"
251,"C"
3067,"C"
4209,"B"
1713,"B"
277,"C"
493,"B"
534,"C"
4575,"C"
4388,"C"
1157,"C"
2722,"C"
3463,"B"
4115,"C"
4696,"C"
443,"B"
1038,"C"
490,"C"
1581,"B"
3960,"B"
1113,"C"
1793,"B"
769,"C"
1387,"B"
4379,"C"
4532,"C"
3009,"C"
3815,"B"
4504,"C"
3751,"C"
3095,"B"
1027,"C"
1548,"B"
2551,"C"
4854,"B"
3390,"B"
325,"C"
3078,"C"
2210,"B"
4530,"B"
1352,"C"
713,"C"
3218,"C"
4847,"C"
4359,"C"
2027,"C"
2751,"C"
4554,"C"
4481,"B"
3608,"C"
1274,"C"
571,"B"
1376,"C"
796,"C"
675,"B"
3309,"C"
2675,"C"
2045,"B"
557,"C"
3045,"C"
698,"C"
3520,"C"
2573,"C"
4824,"C"
855,"B"
4221,"C"
3859,"C"
1759,"B"
800,"B"
3895,"C"
1082,"C"
627,"C"
3849,"C"
1311,"B"
4582,"C"
2627,"C"
4223,"B"
3358,"C"
2380,"B"
3823,"B"
4344,"C"
4491,"C"
418,"C"
953,"C"
750,"C"
2189,"C"
677,"C"
1749,"C"
4342,"C"
4726,"B"
118,"C"
2809,"C"
4675,"C"
518,"C"
4448,"B"
4175,"C"
1329,"C"
275,"C"
885,"C"
993,"B"
2160,"C"
2182,"B"
4873,"B"
2421,"B"
875,"C"
3863,"C"
3499,"C"
2713,"C"
1438,"C"
1204,"C"
2847,"B"
2255,"B"
549,"C"
1653,"C"
3363,"B"
1436,"C"
4102,"C"
4671,"C"
4155,"C"
1940,"C"
692,"C"
4733,"B"
3853,"B"
3007,"C"
1162,"C"
4370,"C"
4036,"B"
4949,"C"
2301,"B"
2707,"C"
4268,"C"
3771,"C"
618,"C"
2411,"C"
479,"C"
1777,"C"
1607,"C"
2720,"C"
1410,"C"
3084,"B"
1000,"B"
2699,"C"
801,"C"
142,"C"
2126,"C"
835,"C"
3826,"B"
829,"C"
881,"B"
532,"C"
1988,"B"
1623,"C"
271,"C"
3528,"C"
24,"C"
2635,"C"
398,"C"
2318,"B"
3757,"B"
3528,"C"
3746,"C"
4823,"C"
3969,"C"
2623,"C"
3911,"B"
1879,"C"
4769,"C"
2166,"C"
1735,"C"
1988,"C"
3725,"C"
3678,"C"
1010,"B"
3489,"C"
586,"B"
4470,"B"
1658,"B"
4872,"C"
1836,"C"
2267,"B"
4599,"B"
4730,"C"
209,"C"
1341,"C"
1027,"C"
4144,"C"
379,"C"
2556,"C"
4411,"B"
1847,"C"
1424,"B"
1552,"C"
1257,"C"
2479,"C"
3308,"B"
2196,"B"
4448,"B"
1581,"B"
396,"C"
700,"C"
69,"B"
3886,"B"
193,"C"
3703,"C"
3763,"C"
1725,"C"
4862,"C"
2722,"B"
515,"C"
2693,"C"
3658,"B"
71,"C"
626,"C"
3639,"B"
2097,"B"
3052,"B"
4695,"C"
1697,"C"
3740,"B"
110,"C"
2388,"B"
4585,"B"
1456,"C"
122,"C"
4052,"B"
4062,"B"
3395,"C"
1834,"B"
4274,"B"
1367,"C"
937,"B"
2776,"C"
3865,"B"
690,"C"
2769,"C"
208,"C"
2657,"B"
2788,"C"
4124,"C"
2688,"B"
4237,"C"
3879,"C"
463,"B"
1090,"C"
3157,"B"
1005,"C"
2172,"C"
1257,"C"
942,"B"
2246,"C"
3840,"B"
590,"B"
2008,"C"
1026,"B"
1792,"B"
111,"C"
20,"C"
856,"C"
3643,"C"
3987,"C"
1130,"C"
2325,"B"
2076,"C"
920,"C"
4800,"B"
1872,"B"
3250,"B"
2804,"C"
2095,"C"
1690,"C"
560,"C"
3047,"B"
2162,"C"
1227,"C"
1457,"B"
4260,"B"
3049,"C"
638,"B"
2872,"B"
4619,"C"
3589,"B"
4421,"C"
2544,"B"
1245,"B"
3073,"C"
1626,"C"
3741,"C"
4568,"C"
1148,"B"
1097,"C"
808,"B"
4238,"C"
4709,"C"
689,"C"
4614,"C"
371,"C"
4850,"C"
3914,"C"
736,"C"
3281,"C"
2999,"B"
1347,"B"
4837,"C"
3597,"C"
1872,"C"
3837,"B"
1776,"B"
935,"C"
2955,"C"
3073,"C"
189,"B"
233,"C"
2279,"B"
3415,"C"
3964,"C"
2533,"B"
3454,"B"
4917,"C"
1644,"B"
57,"B"
2516,"B"
4686,"C"
34,"C"
2528,"C"
4170,"B"
2671,"C"
2760,"C"
4048,"C"
2099,"C"
21,"B"
1426,"C"
3269,"C"
509,"B"
2427,"C"
328,"C"
1098,"C"
4881,"B"
1926,"C"
1265,"B"
3102,"B"
863,"C"
1054,"C"
1373,"C"
2357,"C"
1,"C"
1818,"B"
440,"B"
4926,"C"
2418,"B"
4603,"C"
4219,"B"
1240,"C"
1439,"C"
3985,"C"
787,"C"
2689,"B"
1062,"C"
3574,"B"
4865,"C"
2802,"C"
4026,"C"
1555,"C"
4542,"C"
2103,"C"
2333,"C"
4978,"B"
2091,"C"
856,"C"
1357,"C"
2973,"C"
3357,"C"
3942,"C"
2070,"B"
485,"B"
1521,"B"
2026,"C"
2258,"B"
2863,"C"
629,"B"
4345,"C"
3152,"C"
3025,"C"
4347,"C"
483,"B"
4981,"C"
4002,"C"
4275,"C"
2873,"B"
106,"C"
85,"C"
2803,"C"
2654,"C"
465,"B"
3749,"C"
1694,"B"
2669,"C"
1948,"B"
3839,"C"
2990,"C"
4602,"B"
795,"C"
4675,"C"
937,"B"
4561,"C"
2211,"B"
1301,"C"
973,"C"
4717,"B"
2569,"C"
2285,"B"
4923,"B"
3031,"C"
2329,"B"
4899,"B"
1359,"B"
3055,"B"
1269,"C"
410,"C"
1871,"C"
4938,"B"
2118,"C"
324,"C"
3004,"C"
4392,"C"
1084,"C"
3234,"C"
528,"C"
2358,"C"
3228,"B"
4354,"B"
2748,"C"
4872,"C"
3779,"C"
4393,"B"
4604,"C"
2501,"B"
3205,"C"
1903,"B"
4309,"B"
878,"C"
206,"C"
2649,"C"
117,"C"
1036,"B"
4885,"C"
4569,"B"
148,"C"
3683,"B"
384,"B"
2238,"C"
2738,"C"
197,"C"
3162,"C"
4982,"C"
565,"C"
1469,"C"
2054,"C"
1512,"B"
4709,"C"
4028,"C"
2899,"B"
1789,"C"
4363,"C"
2378,"C"
4342,"C"
3167,"C"
4286,"C"
2334,"C"
2768,"C"
733,"C"
3431,"C"
2857,"C"
1495,"C"
2661,"C"
2204,"C"
1199,"C"
4637,"C"
188,"C"
2297,"B"
2696,"C"
3033,"C"
3579,"C"
2648,"C"
3817,"C"
3330,"B"
175,"C"
1233,"C"
4995,"C"
3289,"C"
658,"B"
1222,"C"
4070,"B"
1631,"C"
3958,"B"
1837,"C"
615,"B"
1830,"B"
3824,"B"
4836,"B"
4911,"B"
1728,"C"
2720,"C"
2155,"C"
1521,"C"
1530,"C"
714,"C"
1870,"B"
4892,"C"
906,"C"
3359,"B"
1332,"B"
1065,"B"
2119,"C"
1999,"C"
1020,"C"
2874,"B"
4795,"C"
3569,"B"
4351,"B"
1283,"B"
4560,"C"
3384,"C"
4228,"C"
4763,"C"
2090,"C"
4852,"C"
585,"C"
1475,"B"
541,"B"
2034,"C"
0,"B"
2277,"C"
2654,"C"
3776,"B"
4150,"C"
904,"C"
4130,"C"
303,"B"
4159,"C"
1393,"C"
4088,"C"
3107,"B"
1394,"B"
1750,"B"
297,"B"
1975,"C"
2525,"B"
3688,"C"
3750,"C"
3112,"B"
2732,"B"
1735,"C"
984,"B"
3214,"C"
4918,"C"
622,"B"
1153,"C"
846,"C"
1298,"C"
2729,"C"
4891,"C"
61,"B"
3725,"B"
709,"C"
3603,"B"
4753,"B"
72,"B"
4590,"C"
1757,"C"
1686,"C"
3634,"B"
4818,"B"
2658,"C"
1284,"B"
3870,"B"
1531,"C"
1421,"B"
235,"C"
3982,"C"
3524,"C"
3495,"C"
853,"B"
4904,"C"
749,"C"
3131,"C"
2563,"C"
717,"C"
199,"C"
3954,"C"
1589,"C"
4348,"B"
2435,"C"
4393,"B"
996,"B"
1469,"C"
3156,"B"
1866,"C"
2822,"C"
336,"C"
3275,"C"
2350,"C"
1322,"C"
871,"C"
1194,"B"
1828,"C"
4817,"C"
2668,"C"
1968,"B"
4450,"C"
1079,"C"
1014,"B"
1016,"B"
4060,"C"
4594,"C"
3873,"C"
1136,"C"
201,"C"
985,"C"
858,"C"
3189,"C"
4999,"C"
1348,"B"
1297,"C"
763,"C"
2463,"C"
4009,"C"
551,"C"
169,"C"
190,"C"
179,"C"
397,"B"
2757,"C"
1947,"C"
98,"B"
4348,"C"
1860,"B"
1051,"C"
3480,"B"
1580,"C"
1919,"B"
584,"C"
4157,"C"
3433,"C"
4120,"B"
2872,"B"
4066,"B"
1945,"B"
1054,"C"
2112,"C"
3354,"C"
4594,"B"
951,"C"
2202,"C"
4150,"C"
2504,"C"
4572,"B"
1094,"C"
1282,"B"
3870,"B"
2305,"C"
4563,"B"
2736,"C"
1034,"B"
4063,"B"
4157,"C"
3737,"C"
3522,"B"
2757,"B"
587,"C"
279,"B"
4746,"C"
1828,"B"
674,"B"
1353,"C"
3150,"C"
1123,"C"
2749,"C"
3384,"C"
4921,"C"
1358,"C"
1775,"C"
2127,"C"
4831,"B"
1249,"B"
2293,"B"
447,"B"
1910,"B"
1462,"C"
1204,"B"
3258,"C"
3765,"C"
1475,"C"
1857,"C"
3303,"C"
4420,"C"
2800,"B"
473,"C"
3694,"B"
2581,"C"
3663,"C"
2599,"C"
1235,"B"
340,"B"
1487,"B"
2964,"C"
3813,"C"
4193,"B"
516,"C"
2913,"C"
1811,"C"
2271,"C"
3019,"B"
957,"B"
4503,"C"
881,"C"
4940,"C"
1468,"C"
4471,"B"
2853,"B"
3596,"B"
4183,"C"
4383,"C"
121,"C"
2118,"C"
4118,"B"
1818,"C"
2861,"B"
3230,"B"
3253,"C"
2439,"B"
891,"C"
3492,"C"
1194,"C"
1364,"C"
2314,"C"
775,"C"
496,"B"
3820,"B"
2195,"B"
4442,"C"
4705,"B"
2863,"C"
3971,"C"
1766,"C"
2556,"C"
2524,"C"
2136,"B"
3549,"B"
2787,"C"
1458,"C"
2712,"C"
2993,"C"
3856,"B"
2474,"C"
3239,"B"
3519,"B"
459,"B"
4390,"C"
4249,"C"
2272,"C"
4391,"C"
1366,"C"
3370,"C"
429,"B"
4029,"C"
2772,"C"
3136,"B"
195,"C"
1708,"C"
359,"B"
1803,"C"
4650,"C"
2829,"B"
3824,"C"
4135,"C"
3443,"B"
3805,"C"
3140,"C"
1946,"B"
1279,"C"
1561,"C"
3274,"C"
1829,"C"
2467,"C"
2811,"C"
1990,"B"
4637,"C"
2346,"C"
3976,"C"
2160,"C"
4581,"B"
871,"C"
22,"B"
3100,"C"
4934,"C"
3191,"B"
1016,"C"
3101,"C"
2789,"C"
3493,"C"
565,"B"
433,"B"
2664,"B"
1046,"C"
1540,"C"
1252,"B"
1799,"C"
469,"C"
1942,"C"
2202,"B"
1468,"C"
1973,"B"
1974,"C"
4494,"C"
3682,"C"
2133,"B"
1681,"B"
268,"C"
3266,"B"
3702,"C"
3086,"B"
4438,"C"
4591,"B"
4272,"C"
2799,"C"
2719,"C"
4356,"C"
510,"C"
3789,"C"
1294,"B"
3907,"C"
4538,"C"
1119,"B"
639,"C"
3859,"C"
1925,"C"
3003,"C"
439,"B"
2290,"B"
4867,"B"
1825,"C"
3322,"C"
371,"B"
990,"C"
2553,"C"
4909,"C"
4976,"C"
330,"B"
3738,"C"
2099,"C"
1392,"C"
3313,"C"
2918,"C"
1357,"C"
3809,"C"
1715,"B"
1465,"B"
2250,"B"
4350,"B"
3287,"C"
2249,"C"
2202,"C"
2561,"B"
3992,"C"
2669,"B"
1848,"C"
1692,"B"
3290,"C"
914,"C"
2997,"B"
2789,"B"
3515,"C"
1274,"C"
2119,"C"
3322,"C"
2016,"B"
2553,"B"
1478,"C"
3717,"C"
815,"C"
1414,"C"
1692,"C"
2288,"C"
1115,"C"
3990,"C"
3137,"B"
3485,"C"
2642,"C"
803,"C"
2193,"C"
1709,"C"
1566,"C"
4496,"C"
2533,"B"
865,"B"
1486,"C"
949,"C"
2208,"C"
793,"C"
4541,"B"
960,"C"
4134,"C"
2047,"C"
3294,"B"
3862,"B"
1171,"C"
591,"C"
2532,"C"
2470,"C"
982,"C"
2423,"C"
2721,"B"
1294,"C"
4070,"C"
2488,"C"
2938,"C"
2918,"C"
3173,"B"
3608,"C"
4073,"C"
3487,"B"
4444,"C"
3399,"C"
4670,"C"
975,"C"
290,"C"
1224,"C"
4291,"C"
283,"C"
1768,"C"
1461,"C"
4361,"C"
4777,"B"
2188,"C"
1835,"C"
3154,"C"
3469,"C"
3495,"C"
261,"C"
2234,"C"
3315,"B"
2629,"B"
4069,"C"
1802,"C"
159,"C"
842,"C"
3090,"B"
866,"B"
70,"B"
4038,"C"
2301,"B"
1312,"C"
2050,"C"
932,"B"
2496,"C"
4128,"C"
2181,"C"
1108,"C"
1745,"C"
658,"C"
1351,"B"
4434,"C"
1429,"B"
2651,"C"
2371,"C"
2308,"C"
4493,"B"
3533,"B"
3500,"B"
4081,"C"
4236,"C"
3758,"C"
3677,"C"
3562,"C"
4630,"C"
1018,"C"
3258,"C"
1065,"C"
2725,"C"
3001,"B"
3215,"C"
3798,"C"
2276,"C"
2347,"C"
4474,"C"
4924,"C"
2892,"B"
3025,"B"
3975,"C"
468,"B"
135,"B"
3741,"C"
4,"C"
4761,"B"
214,"C"
3568,"B"
3161,"C"
3527,"C"
1824,"B"
4111,"C"
1827,"C"
4892,"B"
1221,"C"
1372,"B"
4464,"B"
379,"B"
3920,"B"
2481,"C"
2266,"C"
2519,"B"
3729,"B"
2912,"C"
4203,"C"
91,"C"
2873,"C"
2887,"C"
4655,"C"
304,"C"
923,"B"
2105,"B"
2714,"C"
954,"C"
1333,"B"
4142,"B"
2917,"B"
402,"C"
266,"B"
3285,"B"
2803,"B"
2724,"C"
1638,"C"
4511,"C"
3144,"B"
4396,"C"
1559,"C"
2361,"C"
2817,"C"
2399,"B"
3008,"B"
3890,"B"
4188,"C"
1556,"B"
2911,"C"
3410,"C"
600,"B"
2718,"C"
2419,"C"
1706,"C"
4311,"C"
1966,"C"
2013,"B"
4258,"C"
610,"B"
2946,"B"
4462,"C"
1764,"C"
3186,"C"
2292,"C"
3680,"C"
3997,"C"
3520,"B"
3119,"C"
4235,"B"
3970,"B"
1222,"B"
4190,"C"
2541,"B"
3750,"C"
4162,"C"
355,"C"
1065,"C"
2100,"C"
1613,"C"
340,"C"
4218,"C"
2885,"C"
2707,"B"
2304,"C"
815,"C"
4364,"B"
3829,"C"
375,"C"
4701,"C"
2113,"C"
2184,"C"
1378,"B"
4835,"C"
765,"C"
2944,"C"
3649,"C"
1902,"C"
4505,"C"
3968,"B"
3783,"C"
2382,"C"
2468,"B"
1907,"C"
2021,"C"
288,"B"
3484,"C"
3628,"B"
3024,"B"
4160,"B"
2842,"B"
392,"C"
3468,"B"
4438,"C"
3483,"C"
2535,"C"
861,"C"
4801,"C"
2936,"B"
3252,"B"
234,"B"
540,"B"
3716,"C"
971,"C"
2681,"C"
3436,"B"
3832,"C"
3146,"B"
2685,"C"
1949,"B"
380,"B"
4264,"B"
2072,"B"
3162,"C"
3957,"C"
1980,"C"
4087,"C"
3557,"B"
2494,"C"
2206,"C"
1629,"B"
3989,"C"
3117,"C"
3225,"C"
992,"C"
4693,"C"
488,"B"
4652,"C"
3761,"C"
4634,"C"
3724,"B"
2417,"C"
3762,"C"
4743,"B"
1877,"C"
4883,"C"
779,"C"
915,"B"
1047,"B"
268,"B"
4849,"C"
4067,"C"
1145,"B"
2771,"B"
4903,"C"
54,"C"
3950,"B"
4205,"C"
2122,"B"
3612,"C"
3704,"B"
716,"C"
3787,"C"
4674,"B"
2196,"B"
4047,"C"
1516,"C"
1312,"C"
3594,"C"
153,"C"
342,"C"
4591,"C"
467,"C"
1914,"C"
713,"C"
2560,"C"
3928,"C"
1766,"C"
3537,"C"
4572,"C"
309,"C"
4457,"C"
2455,"C"
1196,"B"
1160,"C"
4860,"C"
3254,"C"
2073,"C"
265,"B"
2341,"B"
1000,"B"
1583,"C"
96,"B"
4769,"C"
726,"C"
958,"B"
3596,"B"
4021,"C"
1972,"B"
1770,"B"
3612,"C"
3953,"C"
0,"B"
1383,"C"
4637,"B"
1435,"C"
598,"C"
2911,"C"
3110,"B"
2178,"C"
1458,"C"
4557,"B"
3851,"C"
2610,"B"
609,"B"
268,"B"
3826,"C"
3228,"C"
497,"C"
336,"C"
2286,"B"
1626,"C"
965,"C"
2453,"C"
853,"C"
3438,"B"
3720,"C"
2224,"C"
4424,"C"
4588,"B"
3085,"C"
4418,"C"
2407,"B"
108,"C"
2051,"C"
2801,"C"
3348,"C"
1822,"C"
3625,"C"
4265,"C"
4877,"C"
1573,"C"
4607,"B"
3991,"B"
2667,"C"
201,"B"
3696,"B"
4930,"C"
1322,"C"
3060,"C"
2251,"C"
1410,"B"
3936,"C"
642,"C"
1482,"C"
4604,"B"
4673,"C"
4064,"C"
4522,"B"
344,"C"
877,"B"
558,"B"
4982,"C"
1075,"B"
4663,"C"
1689,"C"
4500,"C"
3102,"C"
292,"C"
1246,"C"
3040,"C"
4297,"C"
3983,"C"
3752,"C"
1771,"C"
2903,"B"
3374,"B"
3674,"C"
4770,"C"
505,"C"
1587,"C"
870,"B"
3764,"B"
3935,"C"
3291,"C"
3300,"C"
1093,"C"
697,"C"
1529,"C"
4809,"C"
2714,"C"
2814,"C"
3542,"B"
3882,"C"
3771,"C"
3378,"C"
1361,"C"
4952,"C"
4601,"C"
1095,"C"
302,"C"
2641,"B"
4547,"C"
245,"B"
3980,"C"
193,"C"
2976,"C"
3255,"C"
189,"C"
1170,"C"
310,"C"
4141,"C"
463,"B"
4851,"C"
2215,"B"
3316,"B"
1979,"C"
1994,"C"
2400,"C"
2611,"C"
860,"C"
2548,"C"
2816,"B"
4583,"C"
4615,"C"
3946,"B"
4047,"B"
1741,"C"
16,"B"
3243,"C"
1009,"C"
3004,"C"
1023,"C"
3898,"C"
957,"C"
295,"C"
1805,"C"
1568,"C"
2412,"B"
777,"C"
896,"C"
4784,"C"
455,"C"
4706,"B"
752,"C"
1810,"B"
3652,"C"
1107,"B"
1571,"C"
3255,"C"
663,"C"
2321,"C"
4735,"B"
1538,"C"
4088,"C"
2,"B"
4340,"B"
2101,"C"
4379,"C"
1539,"B"
3140,"B"
1122,"C"
4375,"B"
3012,"C"
2652,"B"
1957,"C"
2500,"C"
2421,"C"
790,"C"
2799,"B"
309,"C"
3117,"B"
1504,"C"
2743,"C"
1361,"C"
4553,"C"
3551,"C"
4496,"B"
4278,"C"
1269,"C"
1,"B"
4755,"C"
2582,"B"
4779,"C"
141,"C"
3130,"C"
1533,"C"
3215,"B"
2994,"C"
1595,"C"
1891,"B"
996,"C"
2353,"C"
2197,"C"
1960,"C"
3563,"C"
1489,"C"
1191,"B"
3351,"B"
883,"B"
4990,"C"
3829,"C"
919,"C"
1163,"C"
2818,"C"
543,"B"
4022,"C"
2523,"C"
740,"C"
4164,"C"
2608,"B"
2692,"B"
1826,"C"
1340,"B"
3766,"C"
1591,"B"
3466,"C"
176,"C"
3296,"C"
4323,"C"
2563,"C"
4947,"C"
3118,"C"
2411,"C"
3512,"B"
3903,"C"
55,"C"
1209,"B"
2360,"C"
4313,"B"
2093,"C"
2706,"B"
3261,"B"
2492,"C"
2087,"C"
1710,"C"
1399,"C"
399,"C"
2216,"C"
3715,"C"
746,"B"
2541,"C"
2928,"B"
3445,"B"
2797,"C"
93,"B"
2387,"C"
1461,"B"
354,"C"
2227,"C"
2954,"C"
4212,"C"
2890,"B"
1691,"B"
3644,"C"
133,"C"
1356,"C"
2232,"C"
2957,"C"
3369,"B"
3754,"C"
3065,"C"
3285,"C"
1968,"C"
3489,"C"
4308,"C"
4045,"B"
3879,"C"
1343,"C"
3283,"C"
3008,"C"
318,"C"
4658,"C"
559,"C"
2900,"C"
115,"C"
3953,"C"
669,"B"
112,"B"
613,"C"
4525,"B"
1184,"C"
4364,"C"
1121,"B"
2028,"C"
4739,"C"
2611,"C"
2655,"C"
1211,"B"
3661,"C"
4123,"C"
340,"C"
4140,"B"
3377,"C"
1788,"C"
834,"C"
3382,"B"
1522,"C"
2506,"C"
698,"B"
4148,"C"
3097,"C"
4042,"C"
4320,"B"
3897,"C"
956,"C"
720,"C"
1502,"B"
4731,"C"
2956,"C"
680,"C"
4398,"C"
4441,"C"
2125,"C"
3392,"C"
3389,"C"
3489,"B"
4098,"B"
4656,"C"
691,"C"
4554,"C"
3945,"C"
2191,"B"
2821,"C"
3542,"C"
3204,"C"
3153,"C"
4667,"C"
2220,"C"
4207,"C"
1696,"C"
1293,"C"
548,"C"
2834,"B"
2445,"B"
4308,"C"
1753,"B"
2762,"B"
4934,"C"
722,"C"
644,"C"
3626,"C"
4520,"B"
1148,"B"
956,"C"
1511,"C"
124,"C"
1987,"C"
2958,"C"
4900,"B"
2846,"C"
2580,"C"
119,"B"
2727,"B"
4764,"C"
3635,"B"
2583,"C"
1784,"C"
2827,"B"
2022,"C"
3736,"C"
4732,"C"
3720,"B"
3733,"C"
2324,"B"
3602,"C"
1842,"C"
1743,"C"
645,"B"
3560,"C"
4965,"C"
4650,"C"
3121,"C"
3709,"B"
3472,"C"
1311,"C"
2071,"C"
3076,"C"
4792,"C"
4623,"C"
526,"C"
508,"C"
4358,"C"
4338,"B"
3760,"B"
2903,"C"
2328,"C"
4803,"B"
2341,"C"
4956,"B"
4624,"C"
2643,"C"
4988,"C"
4928,"B"
1191,"C"
4426,"C"
1915,"C"
2083,"B"
511,"C"
3748,"B"
4742,"C"
908,"C"
2205,"C"
1708,"C"
8,"C"
2581,"B"
3448,"C"
645,"C"
761,"C"
338,"C"
4048,"B"
2624,"C"
3215,"B"
2593,"B"
4073,"B"
781,"C"
3236,"C"
2792,"C"
1965,"C"
918,"C"
570,"C"
4445,"B"
125,"C"
1213,"C"
2791,"C"
2826,"C"
1127,"C"
4274,"C"
1871,"C"
212,"B"
2360,"B"
122,"B"
621,"B"
1738,"B"
3218,"B"
1520,"B"
704,"B"
888,"C"
2538,"C"
2573,"C"
616,"C"
4514,"C"
1651,"C"
814,"C"
1722,"B"
2535,"C"
1943,"C"
3507,"B"
3652,"C"
4989,"B"
3319,"C"
1081,"C"
304,"C"
31,"C"
2687,"B"
2432,"C"
4760,"B"
3836,"C"
973,"C"
3849,"C"
262,"C"
3102,"C"
581,"B"
674,"B"
2211,"C"
3539,"C"
2189,"C"
2323,"C"
1137,"C"
1056,"C"
2992,"C"
1586,"B"
3562,"C"
4193,"C"
94,"C"
986,"C"
4683,"B"
1236,"C"
511,"C"
3473,"B"
3624,"C"
3303,"C"
4855,"B"
191,"B"
3406,"B"
2687,"C"
1790,"C"
3244,"C"
1908,"C"
3174,"B"
4084,"C"
1870,"B"
947,"C"
2719,"B"
4888,"C"
385,"C"
2063,"C"
838,"C"
1201,"C"
4857,"C"
1880,"B"
977,"B"
301,"C"
4699,"B"
3992,"B"
3456,"C"
4292,"C"
3463,"B"
3443,"B"
1592,"C"
3168,"C"
4780,"C"
2000,"B"
3950,"C"
4956,"C"
1719,"B"
4969,"B"
1987,"C"
4855,"C"
3604,"C"
2638,"C"
3840,"C"
2941,"B"
4538,"B"
1107,"B"
48,"C"
1822,"C"
2597,"C"
1936,"B"
4053,"C"
3005,"B"
2606,"C"
2367,"C"
4057,"B"
2512,"B"
4967,"B"
3684,"C"
3107,"C"
3258,"C"
3979,"C"
4677,"C"
2150,"B"
3819,"C"
1104,"B"
4391,"C"
703,"C"
4708,"C"
2050,"C"
2514,"B"
4841,"C"
4544,"C"
3618,"C"
2354,"C"
3883,"C"
4685,"C"
4125,"B"
4659,"C"
3936,"C"
2430,"B"
4126,"B"
1774,"C"
2160,"C"
3824,"C"
514,"C"
3878,"C"
2924,"B"
1409,"C"
3619,"C"
1615,"C"
86,"B"
39,"C"
4233,"B"
4658,"B"
4740,"C"
469,"C"
3987,"C"
4837,"C"
2498,"B"
551,"C"
3064,"C"
1790,"C"
1549,"B"
4917,"C"
2833,"C"
4592,"B"
1009,"C"
2010,"B"
3291,"C"
4528,"C"
3284,"B"
3309,"C"
897,"B"
2331,"B"
4309,"C"
4178,"C"
3742,"C"
3196,"C"
484,"C"
574,"C"
922,"C"
893,"C"
4742,"C"
497,"C"
2888,"C"
3892,"C"
308,"C"
4404,"C"
1501,"C"
4231,"C"
2134,"C"
2,"C"
2744,"C"
2413,"B"
2199,"B"
4058,"B"
553,"C"
1641,"C"
2812,"B"
2099,"C"
4663,"C"
2966,"C"
2780,"C"
1197,"C"
3794,"C"
3271,"B"
4598,"C"
4109,"B"
988,"C"
1980,"B"
2657,"C"
2746,"B"
3419,"C"
9,"B"
4180,"C"
464,"C"
1839,"C"
1823,"B"
2877,"C"
4816,"C"
444,"C"
1255,"C"
3259,"C"
2728,"C"
2667,"C"
2894,"B"
2302,"B"
1655,"C"
468,"B"
2940,"C"
1039,"C"
3208,"B"
883,"C"
2752,"C"
2808,"B"
899,"C"
4897,"C"
3670,"C"
221,"B"
4943,"C"
2727,"C"
3035,"C"
3493,"C"
3522,"C"
1759,"C"
4897,"C"
3868,"C"
545,"C"
3238,"B"
1226,"B"
333,"B"
471,"C"
656,"B"
524,"B"
2330,"B"
2836,"C"
23,"C"
3989,"B"
400,"B"
1890,"C"
2663,"B"
177,"C"
3164,"B"
1888,"C"
2389,"C"
569,"B"
3661,"C"
4048,"C"
1087,"C"
1634,"C"
491,"C"
1481,"B"
4248,"B"
3729,"C"
1443,"C"
1736,"C"
3710,"B"
3247,"C"
2238,"C"
767,"B"
792,"C"
988,"C"
4933,"C"
1680,"B"
1024,"C"
4342,"C"
2609,"B"
1611,"C"
3248,"C"
3476,"C"
2200,"B"
4810,"C"
20,"B"
3514,"C"
1673,"C"
4649,"B"
4320,"B"
3705,"B"
1256,"C"
1969,"C"
934,"B"
3109,"C"
1172,"C"
940,"C"
788,"C"
2375,"C"
3093,"C"
4924,"B"
3414,"B"
2739,"C"
1051,"C"
4251,"C"
218,"C"
2261,"C"
1793,"C"
731,"C"
3094,"C"
2036,"C"
840,"C"
2417,"C"
263,"B"
641,"B"
18,"C"
4451,"B"
4290,"B"
2291,"C"
3504,"C"
2532,"B"
1374,"C"
3728,"C"
4263,"C"
2344,"B"
1062,"C"
3278,"B"
4951,"C"
1240,"B"
1778,"C"
2710,"B"
1245,"B"
1994,"C"
2602,"C"
2418,"C"
391,"B"
3031,"C"
3655,"C"
3491,"C"
3112,"C"
1429,"B"
1849,"C"
1180,"C"
1735,"C"
4199,"C"
2112,"B"
1569,"C"
2551,"C"
2529,"C"
1342,"B"
1016,"C"
2004,"C"
278,"C"
4882,"B"
2684,"B"
2053,"C"
3289,"C"
1707,"C"
2732,"B"
3811,"C"
848,"B"
363,"B"
1316,"B"
3670,"B"
1121,"C"
4010,"C"
2637,"B"
2935,"B"
1300,"B"
1207,"C"
973,"C"
2197,"B"
4358,"C"
1347,"C"
4558,"C"
649,"C"
2638,"C"
3041,"C"
1877,"C"
1619,"C"
3183,"B"
2497,"B"
4980,"B"
1962,"C"
3830,"C"
1483,"B"
899,"C"
2310,"C"
28,"C"
310,"C"
3142,"C"
1549,"B"
545,"C"
2017,"C"
2719,"B"
355,"C"
3034,"B"
1930,"C"
635,"B"
4224,"C"
477,"C"
2413,"C"
3919,"C"
4876,"C"
3704,"C"
2737,"C"
1142,"B"
1799,"C"
3853,"C"
4586,"C"
3785,"B"
1343,"B"
2001,"C"
3804,"B"
2369,"B"
3136,"C"
1273,"C"
3010,"C"
745,"C"
483,"B"
3970,"B"
4927,"C"
3565,"C"
1143,"B"
1215,"B"
2854,"B"
4059,"C"
515,"B"
2355,"C"
62,"C"
1272,"B"
2259,"C"
4636,"B"
2464,"C"
4417,"B"
4079,"C"
3079,"C"
200,"C"
849,"C"
3427,"B"
591,"C"
835,"B"
878,"C"
3841,"C"
3236,"B"
1983,"B"
2577,"C"
1748,"C"
1838,"C"
3600,"C"
673,"C"
2565,"B"
4107,"C"
2086,"B"
3204,"C"
3986,"C"
2722,"B"
431,"B"
3126,"C"
831,"C"
1372,"B"
4200,"C"
1493,"C"
2613,"C"
580,"C"
4893,"C"
4772,"C"
1616,"C"
2465,"B"
3892,"C"
670,"C"
1203,"C"
4586,"C"
1643,"C"
4423,"C"
651,"C"
3506,"B"
4539,"C"
4357,"C"
4364,"C"
867,"C"
4438,"B"
2168,"C"
4854,"B"
836,"C"
4296,"C"
1779,"C"
4648,"C"
1032,"C"
192,"C"
2345,"C"
485,"B"
1670,"C"
1693,"B"
2217,"C"
2055,"C"
2278,"B"
3586,"C"
3306,"C"
3897,"B"
4050,"B"
1754,"B"
2598,"C"
1307,"B"
4757,"C"
632,"C"
4090,"C"
766,"C"
4294,"C"
4903,"C"
4126,"B"
1907,"B"
3036,"C"
4124,"C"
1536,"C"
2170,"C"
2796,"B"
3865,"B"
3825,"C"
559,"B"
2575,"B"
300,"C"
2988,"C"
4146,"C"
3171,"B"
4182,"C"
3232,"B"
1725,"C"
65,"C"
4092,"C"
3091,"B"
4769,"B"
562,"C"
2216,"B"
4509,"C"
330,"B"
2348,"C"
1066,"C"
2053,"C"
2000,"C"
3476,"C"
2932,"C"
4178,"C"
4894,"C"
1596,"C"
1111,"C"
231,"C"
4842,"B"
1681,"C"
3396,"C"
514,"B"
1438,"C"
948,"C"
3931,"C"
2764,"B"
2034,"C"
1840,"C"
1353,"C"
1066,"C"
194,"C"
1697,"C"
4075,"C"
1997,"C"
4712,"C"
3727,"C"
4333,"C"
2560,"C"
3600,"B"
4503,"C"
1001,"C"
1767,"C"
3316,"C"
4979,"C"
2052,"C"
3995,"C"
3798,"C"
1110,"C"
3077,"C"
2610,"B"
886,"C"
3423,"B"
1917,"C"
2512,"B"
309,"B"
2226,"C"
1402,"C"
938,"C"
430,"C"
3880,"B"
3399,"B"
445,"C"
792,"B"
1592,"B"
2320,"C"
1429,"B"
4950,"C"
271,"C"
2389,"C"
4690,"C"
758,"C"
776,"C"
2825,"B"
1683,"C"
3305,"C"
4283,"C"
433,"B"
1459,"C"
4971,"B"
3999,"C"
4129,"C"
705,"C"
4136,"B"
1498,"B"
2445,"C"
1145,"B"
495,"C"
937,"C"
1809,"C"
479,"B"
2162,"C"
3227,"C"
4720,"C"
1115,"C"
1688,"C"
3028,"C"
759,"B"
1889,"C"
4814,"C"
4563,"B"
4712,"B"
2043,"C"
1915,"C"
3722,"B"
3811,"C"
848,"B"
3297,"B"
4285,"C"
1139,"C"
3385,"C"
3937,"B"
3023,"C"
4786,"B"
4963,"B"
2735,"C"
3092,"C"
21,"C"
3481,"C"
3678,"B"
3930,"C"
3926,"C"
3962,"C"
128,"B"
2279,"B"
341,"C"
4209,"B"
4590,"B"
251,"C"
2812,"B"
3328,"C"
1002,"C"
1514,"B"
2716,"C"
76,"C"
4901,"B"
1884,"C"
3209,"B"
379,"C"
55,"C"
2451,"B"
4314,"C"
47,"C"
727,"C"
558,"C"
3325,"C"
1277,"C"
2967,"B"
3212,"B"
2902,"B"
4068,"C"
2411,"C"
3501,"C"
1865,"B"
1541,"C"
51,"C"
1498,"B"
1900,"B"
3282,"C"
4690,"C"
2642,"C"
123,"C"
1440,"C"
2188,"C"
1450,"B"
1497,"C"
4152,"C"
2443,"B"
688,"C"
2060,"C"
3478,"C"
2646,"C"
157,"B"
558,"B"
4727,"B"
2839,"B"
4216,"B"
2919,"C"
1182,"C"
1557,"B"
2591,"B"
4385,"B"
800,"C"
3909,"B"
1896,"B"
3860,"C"
2146,"B"
4813,"B"
4555,"B"
4295,"C"
4253,"C"
682,"B"
1861,"C"
2336,"C"
283,"C"
335,"C"
4881,"C"
3329,"C"
833,"C"
1456,"C"
1043,"C"
123,"B"
1177,"B"
1137,"C"
3993,"B"
1416,"C"
3706,"C"
3540,"C"
748,"C"
2571,"C"
3393,"C"
4866,"C"
1464,"B"
3414,"B"
3755,"C"
3503,"B"
1940,"B"
1656,"C"
186,"B"
3929,"C"
3326,"B"
88,"B"
2742,"B"
1874,"C"
1125,"C"
2957,"B"
669,"C"
2220,"B"
4640,"C"
1331,"C"
91,"B"
59,"C"
4748,"C"
3144,"C"
4587,"C"
1873,"C"
4580,"C"
2875,"C"
4125,"C"
626,"C"
4158,"C"
2344,"B"
302,"C"
3938,"C"
2026,"B"
241,"B"
557,"C"
708,"C"
2085,"B"
3300,"C"
4197,"B"
108,"B"
1932,"B"
1687,"B"
3769,"B"
2933,"C"
2179,"B"
3061,"C"
535,"B"
241,"C"
4664,"C"
1693,"B"
1219,"C"
3022,"C"
4978,"B"
4311,"C"
2983,"B"
779,"C"
4415,"C"
3419,"B"
1853,"C"
4041,"C"
318,"B"
614,"C"
1851,"C"
3863,"C"
1568,"B"
2977,"C"
4691,"C"
895,"C"
3296,"C"
730,"B"
2392,"C"
3280,"C"
2176,"C"
9,"C"
2376,"C"
4172,"C"
2020,"B"
2801,"C"
2831,"C"
1348,"C"
1350,"C"
4884,"B"
3808,"C"
697,"B"
4182,"C"
753,"C"
3719,"C"
4875,"C"
27,"C"
189,"C"
1060,"C"
149,"B"
1818,"C"
4377,"C"
839,"C"
1511,"B"
3561,"B"
3740,"C"
1434,"C"
64,"C"
321,"C"
1013,"C"
2891,"B"
580,"C"
418,"B"
524,"C"
3725,"B"
1727,"B"
3129,"C"
4855,"B"
2952,"C"
860,"C"
2165,"B"
4357,"B"
2577,"C"
641,"C"
4298,"B"
1080,"C"
300,"B"
1267,"B"
1455,"C"
2040,"C"
1403,"C"
4142,"C"
1330,"B"
4160,"B"
837,"B"
732,"B"
4467,"C"
923,"B"
1518,"C"
4665,"B"
1678,"C"
2910,"C"
2806,"B"
795,"B"
4500,"C"
3738,"C"
1308,"B"
780,"B"
2171,"C"
4569,"B"
4991,"C"
421,"C"
472,"C"
3822,"B"
4848,"C"
1238,"C"
1237,"C"
3165,"C"
1138,"C"
1637,"C"
1497,"C"
2668,"C"
814,"C"
1169,"C"
2546,"C"
921,"C"
2149,"B"
3151,"C"
2619,"C"
1239,"B"
1501,"C"
3676,"C"
2192,"B"
2775,"C"
902,"C"
901,"C"
4576,"C"
2823,"C"
1974,"B"
617,"B"
1846,"C"
4986,"C"
4034,"C"
740,"C"
1961,"B"
3416,"B"
3085,"C"
2414,"C"
3671,"C"
893,"C"
4398,"B"
2778,"B"
2368,"C"
132,"C"
307,"C"
1375,"C"
2474,"B"
2177,"C"
208,"B"
2598,"B"
1472,"C"
3179,"C"
85,"C"
1275,"C"
4487,"B"
1958,"B"
3649,"B"
2682,"B"
2207,"C"
1611,"B"
1789,"B"
4843,"C"
3712,"C"
724,"B"
1233,"B"
1739,"C"
1643,"B"
1849,"B"
198,"B"
375,"C"
3197,"C"
144,"C"
4252,"C"
1700,"B"
1305,"B"
3873,"C"
2624,"C"
2847,"B"
559,"C"
704,"B"
1799,"C"
4912,"C"
522,"B"
3969,"B"
4896,"B"
2403,"B"
1622,"C"
2433,"C"
4435,"B"
4915,"C"
2472,"B"
1205,"C"
2147,"C"
2815,"C"
4719,"C"
3438,"B"
3178,"C"
337,"C"
417,"B"
4694,"C"
2742,"C"
734,"C"
2269,"C"
1658,"C"
4279,"C"
894,"C"
4012,"C"
1960,"C"
706,"B"
1031,"B"
3716,"C"
3951,"B"
1598,"B"
2139,"B"
3588,"B"
1601,"C"
4923,"C"
2984,"C"
3846,"B"
2878,"B"
1814,"C"
4861,"C"
3466,"C"
339,"B"
1605,"B"
916,"B"
2801,"C"
3811,"C"
2328,"C"
2283,"C"
1171,"C"
345,"C"
756,"C"
1050,"B"
2863,"B"
957,"C"
2701,"B"
1913,"C"
2728,"C"
686,"C"
4914,"C"
2852,"C"
959,"B"
1263,"B"
3760,"C"
4219,"C"
655,"B"
1506,"C"
4396,"C"
3631,"C"
1525,"B"
4541,"C"
2477,"B"
3864,"C"
2896,"B"
2723,"C"
752,"C"
4817,"C"
2845,"C"
2177,"C"
1780,"C"
127,"C"
3478,"B"
2064,"B"
900,"C"
4910,"B"
2621,"B"
3657,"B"
2979,"C"
92,"B"
4765,"C"
4527,"C"
4025,"C"
3130,"B"
4129,"C"
3950,"B"
605,"C"
2516,"C"
3660,"C"
1190,"B"
3498,"C"
2558,"C"
3519,"B"
345,"C"
4884,"B"
1066,"C"
178,"C"
1778,"B"
1197,"C"
1934,"C"
512,"C"
2509,"B"
4008,"B"
1675,"C"
4777,"C"
863,"C"
2882,"C"
598,"B"
3539,"C"
985,"C"
1785,"C"
910,"C"
4097,"B"
701,"C"
791,"C"
3843,"B"
4154,"C"
3496,"B"
3084,"B"
2939,"C"
4374,"C"
2981,"C"
1737,"B"
3343,"C"
1721,"C"
2217,"C"
1707,"C"
757,"B"
3166,"B"
661,"B"
829,"C"
4993,"C"
596,"B"
4290,"C"
2209,"B"
4579,"C"
607,"C"
654,"C"
2578,"B"
825,"C"
575,"B"
4139,"C"
4606,"C"
2068,"B"
1224,"C"
1199,"C"
2096,"C"
2774,"C"
3943,"C"
741,"C"
243,"C"
2080,"C"
1676,"C"
1291,"C"
1854,"B"
4797,"C"
2321,"B"
3056,"C"
3687,"C"
1334,"B"
1963,"C"
3177,"B"
1412,"B"
1858,"C"
606,"B"
2792,"B"
1731,"C"
204,"C"
1675,"B"
4439,"C"
3334,"C"
4840,"C"
3418,"B"
1217,"C"
3155,"C"
3870,"C"
378,"B"
3617,"C"
3394,"B"
1082,"C"
2774,"C"
4372,"C"
4642,"C"
3735,"C"
3656,"C"
4973,"C"
1597,"B"
4818,"B"
2038,"C"
2683,"B"
1751,"C"
2104,"B"
1574,"B"
2536,"B"
4369,"C"
4499,"C"
2474,"C"
976,"B"
2898,"C"
3526,"C"
3070,"C"
289,"B"
4185,"C"
4331,"C"
941,"C"
4878,"B"
4662,"B"
1039,"C"
1248,"C"
2343,"C"
2071,"B"
3381,"C"
3881,"B"
1613,"B"
4535,"C"
1763,"B"
4404,"B"
4479,"C"
2814,"C"
61,"C"
1380,"C"
2485,"B"
2733,"C"
3813,"B"
2041,"C"
1543,"C"
1470,"C"
1572,"C"
3560,"C"
4871,"C"
1883,"C"
2424,"B"
3192,"C"
63,"B"
4557,"B"
4363,"B"
4949,"C"
1431,"B"
3345,"B"
4912,"B"
1409,"C"
1698,"C"
4998,"B"
2612,"C"
1959,"C"
71,"C"
3645,"B"
2438,"C"
4518,"C"
4667,"C"
963,"C"
2190,"B"
693,"B"
1993,"C"
4701,"C"
2090,"C"
4179,"B"
4187,"C"
1581,"C"
2985,"C"
614,"B"
2837,"C"
3242,"B"
905,"C"
2226,"C"
959,"B"
2455,"B"
508,"C"
2298,"C"
2841,"B"
3390,"C"
1387,"B"
2397,"C"
4245,"B"
1973,"C"
4255,"C"
2068,"B"
4554,"C"
1235,"C"
1354,"C"
4085,"B"
1409,"B"
2414,"C"
676,"C"
3852,"B"
2649,"B"
3977,"C"
1785,"C"
709,"C"
326,"C"
3201,"C"
2088,"C"
3277,"C"
1325,"C"
681,"C"
888,"B"
2859,"C"
2668,"C"
4243,"C"
910,"C"
3914,"C"
2046,"B"
1338,"C"
928,"C"
4308,"C"
4725,"C"
2057,"C"
1010,"C"
4277,"C"
398,"C"
4414,"C"
712,"B"
258,"C"
3044,"C"
4245,"C"
2213,"B"
1404,"C"
4344,"B"
2922,"C"
1878,"B"
2443,"C"
845,"C"
2197,"C"
1243,"C"
1466,"C"
3146,"B"
840,"B"
369,"C"
780,"C"
3129,"C"
4333,"C"
647,"B"
511,"B"
4728,"C"
333,"C"
277,"C"
4039,"C"
3676,"C"
3708,"C"
417,"C"
2970,"C"
3036,"C"
1019,"C"
2875,"B"
4495,"C"
2274,"C"
593,"C"
564,"C"
1813,"B"
4744,"C"
767,"C"
3844,"C"
2886,"C"
1377,"B"
4067,"C"
1105,"C"
1444,"B"
3422,"B"
3407,"C"
4230,"C"
4426,"C"
2547,"B"
15,"C"
666,"B"
3486,"C"
3891,"C"
458,"C"
4901,"C"
1472,"C"
4944,"B"
3053,"C"
4389,"C"
3248,"C"
3971,"C"
486,"C"
1425,"B"
456,"C"
2449,"B"
4830,"B"
38,"C"
270,"B"
2054,"C"
2908,"B"
876,"C"
3316,"B"
4974,"C"
2672,"C"
1505,"C"
203,"C"
3681,"C"
1002,"C"
4207,"C"
1150,"B"
1451,"C"
1894,"C"
2484,"C"
1971,"B"
131,"C"
2799,"B"
2731,"C"
3308,"C"
3807,"C"
4736,"C"
2280,"C"
3693,"B"
4057,"C"
2149,"C"
1170,"C"
808,"B"
2319,"B"
673,"C"
3064,"B"
2839,"B"
104,"C"
4310,"B"
406,"C"
2645,"C"
4453,"C"
1328,"C"
2395,"C"
4254,"C"
4446,"C"
1153,"B"
1881,"B"
3352,"C"
4206,"C"
4895,"B"
1011,"B"
1477,"C"
1750,"C"
4106,"C"
3876,"B"
4173,"C"
1112,"C"
4788,"B"
3697,"C"
3847,"B"
3512,"B"
2934,"C"
2276,"C"
4890,"C"
1814,"C"
2567,"B"
3159,"C"
3566,"B"
3835,"C"
2882,"C"
769,"C"
1631,"B"
2421,"C"
3366,"C"
4297,"C"
476,"C"
3523,"B"
105,"C"
376,"B"
656,"C"
1006,"C"
4472,"C"
4532,"B"
3586,"C"
2514,"B"
1596,"C"
2495,"C"
3534,"B"
284,"C"
3362,"C"
1032,"C"
122,"B"
477,"C"
2007,"C"
1030,"C"
305,"B"
1022,"C"
1785,"B"
1787,"B"
3030,"C"
2167,"C"
3997,"B"
1857,"C"
83,"C"
381,"C"
1208,"C"
2429,"C"
3967,"C"
1115,"C"
4908,"C"
1164,"C"
3331,"B"
2058,"C"
275,"C"
4425,"B"
129,"C"
3955,"C"
3915,"B"
1933,"C"
804,"C"
3232,"B"
3741,"C"
3952,"C"
1509,"C"
2782,"C"
2243,"C"
1430,"C"
2666,"B"
3917,"C"
3876,"C"
391,"C"
2699,"C"
2509,"C"
4472,"B"
152,"B"
531,"B"
1702,"C"
1564,"C"
2901,"C"
809,"B"
4474,"C"
2764,"C"
1310,"B"
842,"B"
174,"B"
2179,"B"
1724,"C"
3927,"B"
1869,"B"
3790,"B"
2688,"C"
2660,"C"
4060,"B"
2587,"C"
1630,"C"
4570,"C"
1420,"B"
775,"C"
2329,"C"
2950,"C"
1419,"B"
3564,"B"
4820,"B"
2793,"C"
3124,"B"
3659,"C"
548,"C"
3914,"B"
3814,"C"
3617,"B"
682,"C"
4792,"B"
3916,"B"
981,"C"
83,"C"
1601,"B"
427,"C"
747,"B"
1624,"C"
2190,"C"
2219,"B"
3255,"B"
2356,"C"
4399,"B"
1102,"B"
4804,"C"
4095,"C"
1897,"C"
4785,"C"
623,"B"
4514,"B"
488,"C"
42,"C"
785,"C"
722,"B"
1967,"C"
1348,"C"
3483,"B"
3377,"B"
3685,"B"
2490,"C"
2539,"C"
1295,"B"
4881,"B"
2776,"C"
374,"C"
3020,"B"
3707,"C"
272,"B"
2019,"C"
2100,"C"
2338,"C"
2751,"C"
2844,"C"
4293,"C"
4425,"B"
4338,"C"
1122,"C"
2055,"B"
2187,"C"
449,"C"
4533,"C"
3387,"C"
1800,"C"
69,"C"
4940,"C"
3819,"C"
4124,"B"
438,"B"
1094,"C"
4621,"B"
29,"B"
1218,"C"
4983,"B"
3169,"B"
1956,"C"
1044,"C"
29,"B"
1052,"C"
1004,"B"
595,"B"
3886,"B"
2798,"C"
3345,"C"
3252,"C"
363,"B"
1158,"C"
1416,"B"
4272,"B"
1019,"B"
2098,"C"
1949,"C"
2264,"C"
864,"C"
989,"C"
3374,"C"
4737,"C"
638,"B"
3387,"C"
819,"C"
3852,"C"
101,"B"
921,"C"
4968,"C"
4233,"C"
1199,"B"
4197,"C"
1750,"B"
3947,"C"
4748,"C"
148,"B"
289,"B"
53,"B"
2730,"C"
2491,"C"
2785,"C"
2294,"C"
4294,"C"
269,"B"
178,"B"
3605,"B"
1706,"C"
3502,"C"
1047,"C"
2349,"B"
693,"C"
3450,"C"
3596,"C"
1262,"B"
1688,"B"
3710,"B"
739,"C"
3424,"C"
2550,"B"
4751,"B"
4186,"C"
3889,"C"
1193,"B"
2513,"B"
3890,"B"
353,"C"
3944,"B"
2116,"B"
2179,"C"
4525,"B"
1467,"C"
1227,"C"
2599,"C"
4833,"B"
499,"B"
500,"C"
2038,"B"
1080,"B"
1573,"B"
3081,"C"
3648,"C"
3418,"B"
1747,"C"
4715,"C"
1242,"B"
4812,"B"
3153,"C"
140,"B"
1758,"C"
3092,"C"
3841,"C"
1835,"C"
3656,"B"
146,"C"
2842,"C"
2425,"C"
4128,"C"
1124,"C"
3120,"C"
1167,"C"
4999,"C"
3978,"B"
965,"C"
4706,"B"
2375,"B"
1881,"C"
1225,"C"
273,"C"
952,"C"
4499,"B"
4003,"C"
3234,"B"
2598,"C"
1876,"C"
4175,"C"
2092,"B"
2879,"C"
423,"C"
3761,"C"
2322,"C"
4138,"C"
1714,"B"
2064,"C"
1015,"C"
4317,"C"
3558,"C"
1726,"C"
2530,"B"
4350,"B"
2448,"B"
3583,"C"
4456,"C"
256,"C"
2177,"C"
3533,"B"
1812,"C"
773,"C"
3324,"B"
2021,"C"
2752,"C"
1279,"B"
222,"B"
178,"C"
4741,"C"
4235,"C"
3640,"C"
3170,"C"
788,"C"
420,"C"
964,"C"
2297,"C"
2111,"C"
1615,"C"
2245,"C"
99,"C"
4643,"C"
155,"B"
920,"B"
1690,"C"
2864,"C"
4856,"C"
3106,"C"
3171,"B"
959,"B"
877,"B"
4440,"B"
2956,"C"
1570,"B"
2571,"C"
1582,"C"
3775,"B"
2592,"B"
2672,"C"
2419,"B"
1535,"C"
1691,"B"
2544,"B"
22,"B"
2745,"C"
278,"B"
2246,"B"
3866,"C"
1281,"C"
62,"C"
486,"C"
1954,"B"
443,"C"
2778,"B"
4287,"C"
581,"C"
3961,"C"
359,"C"
2851,"B"
182,"C"
3176,"C"
164,"B"
1060,"B"
4054,"C"
4862,"B"
4387,"C"
596,"C"
2996,"C"
1096,"B"
454,"C"
3411,"B"
322,"C"
1036,"C"
3850,"C"
4486,"B"
2254,"C"
47,"B"
102,"C"
3449,"C"
233,"C"
2931,"C"
2754,"C"
1064,"C"
460,"C"
499,"C"
3922,"C"
4166,"C"
4355,"C"
3529,"C"
2395,"C"
2204,"B"
4381,"C"
3467,"B"
2744,"C"
3786,"B"
3485,"C"
1918,"B"
3424,"C"
4070,"C"
4600,"B"
3701,"B"
1947,"C"
1214,"C"
1452,"C"
1508,"C"
397,"B"
1886,"B"
1493,"C"
4179,"B"
1903,"B"
635,"B"
3282,"C"
1202,"C"
2756,"C"
4726,"C"
3981,"C"
4403,"B"
1410,"B"
291,"B"
3445,"B"
2460,"C"
4940,"B"
1789,"B"
1604,"B"
4557,"C"
1275,"C"
2781,"C"
841,"B"
2461,"B"
2471,"B"
1314,"B"
2475,"C"
4082,"C"
628,"C"
405,"C"
1295,"B"
3176,"B"
2558,"C"
4386,"C"
2705,"C"
20,"C"
3265,"C"
197,"B"
4200,"B"
3445,"C"
773,"B"
1875,"C"
4905,"B"
3620,"C"
3941,"C"
1099,"B"
3598,"C"
2873,"B"
928,"B"
4376,"B"
2388,"B"
4139,"B"
3587,"B"
4823,"C"
147,"B"
2228,"C"
3913,"C"
2629,"B"
683,"B"
2756,"C"
763,"B"
1370,"C"
4534,"C"
3762,"C"
4259,"B"
4089,"B"
907,"C"
335,"B"
2415,"C"
4225,"C"
3013,"C"
3264,"C"
2006,"B"
448,"C"
186,"C"
1617,"C"
4263,"C"
3622,"B"
994,"B"
583,"B"
1602,"B"
3550,"C"
1668,"C"
400,"C"
2951,"C"
486,"B"
163,"C"
993,"C"
1445,"C"
41,"C"
2965,"C"
2853,"C"
3961,"B"
3904,"C"
3972,"B"
3,"C"
3138,"B"
4430,"C"
383,"C"
4680,"B"
574,"B"
1268,"C"
976,"B"
4935,"C"
3263,"C"
2950,"B"
4239,"C"
608,"C"
1833,"C"
2013,"C"
2074,"C"
3104,"C"
1299,"C"
3040,"B"
4944,"C"
3944,"C"
1534,"B"
684,"C"
2074,"B"
1459,"B"
4202,"B"
8,"B"
4521,"B"
395,"C"
124,"B"
742,"C"
3626,"C"
254,"B"
4785,"C"
321,"B"
4675,"B"
928,"B"
1817,"C"
4603,"C"
2510,"B"
907,"B"
799,"C"
1161,"C"
1430,"C"
1282,"C"
3442,"B"
4732,"B"
2588,"C"
1481,"B"
1174,"B"
3555,"C"
3211,"C"
4671,"C"
2634,"C"
4492,"C"
1063,"C"
4601,"C"
50,"C"
779,"C"
3041,"B"
1999,"C"
1801,"B"
1938,"B"
1733,"B"
4050,"B"
3982,"B"
4939,"C"
599,"C"
272,"B"
4777,"B"
4358,"C"
4620,"C"
1488,"B"
3549,"C"
1986,"C"
1072,"B"
1267,"B"
616,"C"
1687,"C"
2944,"C"
976,"C"
1622,"C"
2016,"C"
3487,"C"
3073,"B"
3439,"B"
1350,"B"
523,"C"
1777,"B"
1234,"C"
767,"C"
3096,"C"
1530,"C"
2876,"C"
2409,"C"
2372,"C"
805,"C"
3977,"C"
2614,"C"
1654,"C"
2706,"C"
4447,"C"
1654,"C"
4169,"B"
3791,"C"
1547,"C"
1545,"C"
4712,"C"
4521,"C"
3803,"C"
2258,"C"
382,"C"
1261,"C"
2409,"C"
3677,"B"
4649,"C"
3038,"B"
4707,"B"
3705,"B"
3966,"C"
2594,"C"
3739,"C"
1406,"C"
4778,"C"
4193,"C"
1595,"C"
4340,"C"
1721,"C"
4843,"C"
1676,"C"
2061,"B"
3565,"B"
4355,"B"
1455,"C"
3926,"B"
4962,"C"
3464,"B"
3256,"C"
4892,"B"
4614,"C"
2773,"C"
4179,"B"
4086,"C"
4156,"C"
321,"B"
2680,"B"
188,"C"
1341,"C"
2705,"C"
272,"C"
549,"C"
2023,"C"
3498,"C"
2737,"B"
1952,"B"
1950,"C"
1057,"C"
4423,"C"
667,"C"
2362,"C"
4799,"B"
1276,"B"
4846,"B"
3639,"B"
2303,"C"
4759,"B"
1760,"C"
46,"C"
2450,"C"
3222,"C"
4377,"C"
1415,"C"
1983,"B"
4683,"B"
446,"C"
1982,"B"
174,"B"
3918,"C"
3434,"C"
3680,"B"
1891,"B"
2717,"B"
1940,"C"
1042,"C"
990,"C"
4836,"B"
3964,"C"
1929,"C"
3485,"C"
3360,"C"
4834,"C"
3248,"B"
2317,"B"
3786,"B"
3001,"B"
1885,"B"
4921,"B"
3867,"C"
861,"C"
421,"B"
3294,"B"
4097,"C"
1661,"B"
2971,"C"
337,"B"
4751,"C"
4428,"C"
3409,"B"
3800,"C"
2633,"C"
1674,"B"
4353,"C"
4729,"B"
129,"C"
1135,"C"
2386,"C"
3337,"C"
3492,"C"
4568,"B"
872,"C"
224,"C"
3455,"B"
4244,"C"
2554,"C"
2676,"B"
1085,"C"
4632,"C"
2333,"C"
3404,"C"
4951,"C"
290,"B"
4278,"B"
1874,"C"
719,"C"
4963,"C"
1944,"C"
504,"B"
4305,"B"
3689,"C"
1357,"C"
4695,"C"
2378,"C"
2017,"C"
2506,"B"
1154,"C"
2995,"B"
2014,"C"
442,"C"
2150,"C"
5,"C"
3097,"C"
1286,"B"
653,"B"
426,"B"
830,"C"
17,"B"
2378,"B"
4815,"C"
4346,"C"
4765,"C"
4774,"B"
2326,"C"
4531,"C"
4983,"B"
4347,"B"
4258,"B"
2555,"B"
1028,"C"
4256,"B"
1198,"B"
1905,"B"
4653,"C"
1547,"C"
4383,"C"
3090,"C"
3524,"C"
4975,"B"
32,"C"
536,"B"
691,"C"
4478,"C"
4158,"C"
3838,"B"
3531,"C"
701,"B"
4500,"C"
1420,"C"
2030,"C"
2440,"C"
49,"B"
3280,"B"
2565,"B"
1609,"C"
2986,"C"
3416,"B"
2486,"C"
2761,"C"
1906,"C"
1478,"C"
4031,"B"
2943,"B"
1493,"B"
844,"C"
2795,"B"
3481,"B"
4352,"C"
2872,"C"
1024,"C"
1046,"C"
3018,"C"
2233,"C"
2632,"C"
2489,"C"
158,"C"
151,"C"
2513,"C"
1195,"C"
1057,"C"
377,"C"
4498,"C"
3313,"C"
3465,"C"
1909,"B"
4109,"C"
4013,"C"
3446,"C"
3861,"B"
938,"B"
3407,"B"
3140,"C"
1524,"C"
3981,"C"
2031,"B"
4214,"C"
3616,"C"
4700,"C"
2840,"C"
2814,"C"
1557,"B"
3342,"C"
3507,"B"
3224,"C"
3941,"B"
2707,"C"
1636,"C"
1850,"B"
602,"B"
3803,"B"
11,"C"
781,"B"
3418,"C"
1456,"B"
4978,"C"
1812,"B"
1890,"C"
634,"C"
2931,"C"
2640,"C"
1948,"C"
349,"C"
202,"C"
2269,"C"
685,"C"
3860,"C"
3937,"B"
4980,"C"
4289,"C"
2724,"C"
1259,"C"
3400,"B"
2591,"C"
4202,"C"
2920,"C"
978,"B"
528,"C"
2831,"C"
3472,"C"
3287,"C"
659,"C"
2157,"B"
3795,"B"
1972,"B"
1129,"C"
4033,"C"
274,"C"
3,"B"
4506,"C"
1022,"C"
3810,"B"
924,"B"
2291,"C"
1193,"B"
4419,"B"
3457,"C"
1106,"C"
624,"B"
4955,"C"
3537,"B"
2552,"B"
1428,"C"
2467,"B"
4844,"B"
1918,"C"
4656,"C"
3191,"C"
2236,"C"
1843,"C"
4915,"B"
1338,"C"
2994,"B"
4629,"C"
1647,"B"
3494,"B"
1714,"C"
208,"C"
926,"B"
2647,"C"
387,"C"
3203,"C"
3988,"B"
4103,"B"
487,"B"
2313,"C"
2084,"B"
4613,"C"
851,"B"
3197,"C"
1557,"C"
2791,"C"
4475,"B"
301,"B"
3726,"B"
4152,"B"
3588,"B"
3331,"C"
3590,"B"
2315,"C"
1939,"B"
1465,"C"
3933,"C"
26,"C"
4145,"B"
2696,"B"
1652,"C"
1986,"B"
2778,"C"
2947,"B"
2978,"C"
605,"B"
378,"C"
3632,"B"
2504,"B"
538,"B"
2659,"C"
3496,"C"
3910,"C"
1214,"B"
4017,"C"
2014,"B"
2373,"C"
3619,"B"
2828,"C"
1583,"B"
4293,"B"
51,"C"
2124,"C"
4596,"B"
464,"B"
279,"C"
4617,"C"
4644,"C"
4541,"C"
4204,"C"
929,"B"
4083,"C"
2157,"C"
3735,"C"
3207,"C"
4524,"C"
1503,"B"
1700,"B"
35,"B"
3246,"C"
1439,"C"
2466,"C"
4495,"C"
2273,"C"
4895,"C"
2212,"C"
2682,"C"
3116,"C"
3805,"B"
393,"B"
535,"C"
3673,"B"
1358,"C"
4489,"C"
4616,"C"
4246,"B"
903,"C"
1618,"C"
2237,"C"
2620,"C"
3895,"C"
3895,"C"
2864,"C"
1322,"C"
353,"C"
1345,"C"
138,"C"
4590,"C"
1945,"C"
1344,"C"
509,"B"
4501,"C"
1417,"C"
1551,"C"
1675,"C"
4291,"B"
1408,"B"
1770,"B"
2306,"C"
2661,"B"
114,"B"
2977,"B"
4991,"C"
4217,"C"
1019,"C"
3966,"B"
879,"B"
263,"B"
2335,"C"
3853,"C"
4775,"C"
3070,"B"
343,"C"
2025,"B"
1895,"C"
4194,"C"
1892,"C"
416,"C"
1303,"C"
2933,"C"
3916,"C"
3163,"C"
389,"B"
1085,"C"
1459,"B"
2409,"C"
3246,"C"
2190,"C"
3620,"C"
1762,"B"
1254,"C"
2718,"B"
3677,"C"
644,"B"
3684,"C"
612,"C"
4949,"C"
4040,"C"
2033,"B"
131,"C"
4596,"B"
1141,"C"
2126,"C"
4497,"C"
4722,"B"
2602,"B"
3061,"C"
3515,"C"
3552,"C"
3045,"C"
4384,"C"
1580,"C"
3065,"C"
385,"B"
2234,"C"
3037,"C"
1667,"C"
2754,"B"
4918,"C"
1231,"B"
4509,"C"
3711,"B"
3386,"C"
224,"C"
1256,"C"
3104,"B"
2383,"B"
3126,"C"
2664,"C"
1763,"C"
4888,"B"
2920,"C"
3176,"B"
2398,"C"
690,"B"
4737,"B"
3014,"B"
4393,"C"
4081,"C"
1207,"C"
682,"B"
4141,"C"
1634,"C"
4869,"C"
3718,"C"
913,"C"
97,"B"
1393,"B"
1551,"B"
1930,"B"
4901,"B"
2726,"C"
1015,"C"
776,"C"
1338,"B"
4550,"B"
62,"C"
3621,"C"
377,"C"
2847,"C"
3462,"C"
1250,"C"
2930,"C"
535,"C"
2302,"C"
2266,"B"
787,"B"
4806,"B"
266,"B"
4433,"B"
4473,"B"
3270,"B"
3669,"B"
4496,"C"
1367,"C"
380,"B"
1816,"B"
843,"C"
3797,"C"
2712,"C"
3960,"C"
3229,"C"
3304,"C"
3152,"C"
2527,"C"
299,"C"
614,"C"
3391,"B"
2550,"B"
1372,"C"
2325,"B"
1345,"B"
4014,"B"
789,"C"
1012,"C"
3769,"B"
3254,"C"
3523,"C"
1921,"C"
4932,"C"
4733,"B"
100,"B"
515,"C"
931,"C"
3940,"B"
4716,"B"
4389,"C"
798,"C"
2108,"B"
4971,"B"
1521,"B"
1087,"C"
684,"C"
992,"C"
154,"C"
1866,"C"
468,"B"
2005,"B"
2830,"C"
3026,"C"
4163,"B"
2574,"C"
3382,"B"
4880,"B"
2198,"C"
3356,"B"
3088,"C"
4466,"C"
3843,"B"
1449,"B"
4078,"C"
3740,"C"
1862,"B"
3534,"C"
3158,"B"
451,"C"
1542,"C"
1161,"C"
4562,"C"
2079,"B"
3,"C"
1744,"B"
1491,"C"
1060,"C"
857,"B"
4902,"C"
3624,"C"
3584,"B"
1720,"C"
4642,"B"
3301,"C"
2810,"C"
2595,"C"
1186,"C"
724,"C"
2104,"C"
2116,"B"
3274,"B"
4005,"C"
3237,"C"
1304,"C"
4993,"C"
2462,"B"
2188,"B"
1269,"C"
2856,"B"
4964,"B"
2386,"C"
4344,"B"
1482,"C"
630,"C"
1369,"C"
2263,"C"
2109,"C"
4488,"C"
3630,"C"
4839,"C"
816,"B"
1231,"C"
2949,"C"
658,"C"
4119,"B"
2860,"B"
3699,"C"
1640,"B"
1791,"B"
1834,"C"
3513,"C"
4551,"C"
3790,"C"
2617,"C"
4615,"C"
3290,"B"
1640,"C"
3767,"C"
1490,"C"
1216,"C"
2604,"C"
3574,"B"
1327,"C"
186,"B"
2909,"C"
1893,"C"
2261,"C"
4117,"C"
2461,"C"
1272,"C"
1967,"C"
3893,"C"
482,"C"
4666,"C"
1431,"B"
3934,"B"
84,"C"
3252,"B"
514,"C"
2874,"C"
2287,"C"
944,"C"
3594,"C"
4049,"C"
1803,"B"
3717,"B"
1057,"C"
3685,"B"
540,"C"
434,"C"
1397,"B"
450,"C"
4849,"C"
3839,"C"
2951,"B"
636,"B"
993,"C"
436,"C"
1519,"B"
2601,"C"
1955,"B"
3354,"C"
630,"C"
4808,"C"
2063,"B"
2845,"C"
4548,"C"
637,"C"
1375,"C"
3812,"C"
3748,"C"
4044,"C"
3310,"C"
2263,"B"
4362,"C"
84,"C"
555,"C"
2955,"C"
1996,"C"
4397,"C"
407,"C"
4277,"C"
4991,"C"
328,"C"
575,"B"
1423,"C"
709,"C"
4543,"B"
648,"B"
1420,"C"
3657,"C"
975,"C"
1550,"C"
4029,"C"
4480,"C"
4889,"B"
2916,"B"
11,"C"
3879,"B"
2305,"B"
4341,"B"
1255,"B"
2390,"C"
4747,"C"
2576,"C"
577,"C"
1598,"B"
3135,"C"
269,"C"
3991,"C"
4306,"B"
432,"C"
1021,"C"
596,"C"
4936,"B"
1073,"C"
4250,"B"
284,"C"
903,"C"
3556,"C"
1009,"C"
315,"C"
2824,"B"
4941,"C"
1743,"C"
3081,"B"
466,"C"
1663,"C"
414,"C"
560,"C"
4989,"C"
4242,"B"
4647,"C"
3529,"C"
2151,"B"
657,"B"
1709,"C"
1633,"C"
2453,"C"
510,"C"
561,"C"
2239,"B"
1997,"C"
601,"C"
2154,"C"
1935,"C"
3865,"B"
2690,"C"
2182,"C"
218,"B"
2066,"B"
3759,"C"
1534,"C"
1128,"C"
69,"B"
573,"C"
3989,"B"
553,"B"
3453,"C"
4444,"B"
3477,"C"
181,"C"
4743,"C"
2251,"C"
932,"C"
4882,"C"
842,"B"
816,"C"
713,"B"
4415,"C"
4644,"B"
2644,"C"
1238,"B"
3013,"B"
147,"B"
999,"C"
3679,"C"
3128,"C"
2812,"B"
1333,"B"
1352,"B"
1072,"B"
1722,"C"
1963,"B"
4444,"C"
866,"C"
980,"B"
3123,"B"
3943,"B"
333,"C"
2537,"C"
2471,"C"
1752,"C"
2963,"C"
352,"C"
1392,"C"
3772,"C"
3893,"C"
1369,"C"
1053,"C"
877,"C"
670,"C"
2253,"C"
1508,"B"
454,"C"
2264,"C"
3344,"B"
3001,"C"
4994,"B"
1580,"C"
4879,"C"
28,"C"
828,"C"
4961,"C"
2762,"B"
2615,"C"
1227,"C"
2311,"B"
3899,"B"
4569,"B"
1273,"B"
553,"C"
3862,"C"
510,"B"
4655,"B"
3524,"C"
4800,"C"
4654,"C"
2459,"B"
4039,"B"
4326,"B"
2469,"C"
4888,"B"
3946,"B"
3367,"C"
2634,"B"
444,"B"
3942,"C"
1948,"C"
4141,"B"
300,"C"
563,"B"
287,"C"
3476,"C"
1182,"C"
2232,"C"
2312,"C"
455,"C"
1466,"B"
3127,"C"
4942,"B"
1203,"C"
4728,"C"
1037,"C"
1927,"C"
879,"C"
3970,"C"
2132,"C"
906,"C"
2084,"C"
1936,"C"
1546,"C"
4431,"B"
1191,"B"
3908,"B"
4454,"C"
366,"C"
2076,"C"
795,"C"
2082,"C"
4595,"B"
1711,"B"
1381,"C"
3575,"C"
1353,"C"
3394,"C"
211,"C"
1639,"C"
1091,"C"
239,"C"
4297,"B"
2616,"C"
841,"B"
4287,"C"
1842,"B"
4544,"C"
1303,"C"
4702,"C"
3260,"B"
1821,"B"
3363,"C"
1110,"C"
2659,"C"
1931,"B"
12,"B"
188,"C"
3154,"C"
1532,"C"
2804,"C"
4726,"B"
3385,"B"
4461,"B"
3588,"B"
3347,"C"
358,"C"
2440,"C"
2203,"B"
3296,"C"
1446,"C"
3999,"C"
3671,"B"
2686,"C"
4420,"C"
25,"B"
3175,"C"
2406,"B"
872,"B"
3806,"C"
4914,"C"
4697,"C"
4798,"B"
1507,"C"
2893,"C"
3395,"C"
3052,"C"
2430,"C"
936,"B"
3788,"C"
4975,"B"
226,"C"
3260,"C"
2648,"C"
4848,"B"
4583,"C"
2037,"C"
1366,"C"
2043,"B"
3796,"C"
4561,"B"
3775,"C"
4439,"C"
4047,"C"
4079,"C"
1120,"B"
2408,"B"
2276,"C"
3728,"C"
4729,"C"
2798,"B"
4170,"C"
3251,"B"
360,"C"
3799,"B"
2836,"B"
1914,"C"
1469,"C"
2312,"C"
4790,"B"
4366,"B"
3448,"B"
2434,"C"
407,"B"
2499,"C"
4921,"B"
3777,"B"
3737,"C"
1868,"C"
1210,"C"
3108,"B"
550,"C"
4209,"C"
50,"B"
3501,"C"
4797,"C"
1751,"C"
3774,"B"
1271,"C"
59,"C"
4494,"C"
1461,"B"
3954,"C"
861,"B"
3457,"B"
3223,"C"
2909,"C"
3039,"C"
3364,"B"
1323,"B"
556,"C"
3659,"C"
4201,"B"
4844,"C"
4239,"C"
249,"B"
2680,"B"
2996,"C"
223,"C"
3369,"B"
1141,"C"
2336,"C"
2158,"C"
4721,"C"
1425,"B"
2720,"C"
2695,"C"
4720,"B"
3380,"C"
1104,"C"
2064,"C"
660,"C"
4489,"C"
659,"B"
1089,"C"
2969,"C"
1561,"C"
4132,"C"
3607,"C"
3256,"B"
4226,"B"
1772,"C"
4265,"C"
180,"C"
1258,"C"
1289,"C"
3606,"C"
1618,"C"
3478,"C"
4037,"B"
4084,"C"
3801,"C"
826,"B"
2916,"B"
4946,"C"
3972,"C"
4987,"B"
884,"C"
1103,"C"
2466,"C"
1733,"B"
3974,"B"
2149,"C"
2384,"C"
2465,"C"
2435,"C"
4824,"B"
4341,"B"
1126,"C"
1240,"C"
3951,"B"
1882,"C"
385,"C"
1773,"C"
80,"C"
1211,"B"
1006,"C"
1129,"B"
1284,"C"
3370,"C"
4262,"B"
4206,"B"
3940,"B"
3220,"C"
2439,"C"
1475,"B"
74,"C"
2953,"C"
3968,"B"
1923,"C"
1666,"B"
1276,"C"
4713,"B"
1432,"C"
1007,"C"
597,"B"
3093,"B"
2615,"B"
2289,"C"
3636,"C"
1815,"C"
4122,"B"
488,"C"
1354,"C"
114,"C"
3212,"B"
1607,"C"
2757,"C"
939,"B"
4793,"C"
1686,"B"
2024,"B"
4382,"B"
2958,"C"
2401,"C"
3322,"B"
4853,"B"
2726,"C"
541,"C"
2504,"C"
78,"B"
4924,"B"
3206,"C"
2567,"B"
1479,"B"
3231,"B"
3711,"C"
308,"C"
3646,"C"
368,"C"
2004,"C"
760,"C"
3080,"C"
4175,"B"
240,"B"
844,"B"
1882,"C"
1242,"B"
2885,"B"
2369,"B"
1159,"C"
838,"B"
2447,"C"
2108,"C"
2454,"C"
1231,"B"
1901,"B"
3173,"B"
4911,"C"
1471,"C"
4912,"C"
1869,"C"
625,"B"
50,"B"
4549,"C"
4409,"C"
4913,"C"
2866,"C"
3516,"B"
4324,"C"
1109,"C"
4357,"C"
599,"C"
3022,"B"
2746,"C"
527,"B"
4987,"C"
447,"C"
3700,"C"
4535,"C"
4457,"B"
4458,"C"
3631,"C"
4365,"B"
2141,"B"
3219,"C"
832,"C"
3985,"B"
2902,"C"
1703,"C"
4510,"C"
3299,"C"
618,"C"
1851,"B"
2613,"B"
2398,"C"
4690,"C"
1924,"C"
3233,"B"
132,"C"
3123,"C"
363,"C"
4943,"B"
4490,"B"
1222,"C"
3752,"C"
454,"B"
4550,"C"
2790,"B"
3646,"B"
3056,"C"
3447,"B"
3213,"B"
3430,"B"
2,"C"
3841,"C"
2580,"B"
1280,"C"
4499,"C"
1872,"C"
4748,"C"
2523,"C"
3848,"C"
2923,"C"
1277,"C"
3397,"C"
43,"C"
2607,"C"
4965,"C"
2364,"B"
4986,"C"
2966,"C"
2626,"C"
1923,"C"
3946,"C"
2913,"B"
3505,"C"
3289,"C"
1276,"C"
755,"C"
3839,"B"
27,"C"
1209,"C"
3547,"C"
2805,"C"
2132,"B"
1374,"C"
1443,"C"
1737,"C"
3147,"C"
4840,"C"
3525,"B"
891,"C"
477,"B"
546,"C"
4130,"C"
3145,"B"
3317,"C"
2542,"C"
4841,"C"
419,"C"
1859,"B"
2652,"C"
2250,"C"
501,"B"
4477,"B"
1972,"B"
1526,"C"
3885,"B"
4155,"C"
742,"B"
4943,"B"
2332,"B"
411,"B"
3988,"C"
509,"C"
4362,"B"
2534,"C"
1119,"C"
2376,"C"
627,"B"
3434,"B"
536,"C"
3011,"C"
3881,"C"
1255,"C"
3952,"B"
167,"C"
680,"C"
2832,"C"
1709,"B"
3069,"C"
4100,"C"
3892,"C"
3047,"C"
2945,"B"
3891,"C"
695,"C"
2541,"C"
1401,"C"
2126,"B"
2439,"C"
720,"C"
3153,"C"
2602,"B"
4041,"B"
3587,"B"
4289,"C"
4512,"B"
3730,"B"
4240,"C"
3177,"C"
2265,"C"
707,"C"
1278,"B"
1695,"B"
4918,"C"
1308,"B"
3674,"C"
3479,"C"
1911,"C"
3131,"B"
2797,"C"
3227,"B"
248,"C"
867,"C"
298,"B"
476,"C"
1271,"C"
4369,"B"
3994,"C"
1215,"C"
1743,"B"
1306,"B"
68,"C"
116,"B"
358,"B"
2201,"C"
4613,"C"
4818,"B"
930,"B"
4132,"C"
2163,"C"
155,"B"
3995,"C"
631,"C"
3707,"C"
2584,"B"
1941,"C"
664,"B"
4423,"C"
1591,"C"
4864,"C"
1040,"B"
873,"B"
1405,"C"
3283,"C"
1074,"C"
273,"B"
1114,"C"
4340,"B"
1232,"B"
4222,"B"
657,"C"
1046,"C"
1794,"C"
311,"B"
3192,"C"
2919,"C"
584,"B"
1017,"B"
2224,"C"
1492,"B"
1070,"C"
185,"B"
2547,"C"
3195,"C"
2090,"C"
2869,"B"
473,"B"
2171,"C"
18,"B"
4437,"C"
1935,"C"
2175,"C"
1402,"B"
2922,"C"
1148,"B"
4082,"C"
684,"C"
4822,"C"
2848,"C"
428,"C"
2193,"C"
2540,"C"
3505,"B"
2047,"B"
802,"B"
351,"B"
2408,"C"
919,"B"
790,"B"
1234,"C"
2775,"B"
3213,"B"
720,"C"
942,"C"
2662,"B"
2427,"C"
652,"B"
4566,"C"
1210,"C"
4661,"B"
456,"C"
3036,"C"
3872,"C"
4234,"B"
57,"C"
4535,"C"
3632,"B"
2043,"C"
2151,"C"
76,"C"
2639,"B"
381,"B"
2002,"C"
415,"C"
2070,"C"
599,"C"
4719,"C"
1594,"C"
4478,"C"
393,"C"
3633,"B"
4878,"C"
2779,"C"
1290,"C"
4394,"C"
2039,"B"
3736,"C"
4118,"B"
3247,"B"
3312,"C"
1683,"C"
2600,"C"
4868,"B"
4645,"C"
4248,"C"
1837,"C"
2493,"B"
1327,"C"
1913,"B"
4369,"C"
3227,"C"
4147,"C"
3710,"C"
2156,"C"
2586,"B"
2741,"B"
4208,"C"
3481,"C"
3375,"B"
19,"C"
4144,"C"
1681,"C"
1389,"C"
3459,"C"
3262,"C"
1555,"C"
3938,"B"
3425,"B"
1323,"C"
1530,"C"
4441,"C"
3920,"C"
4507,"C"
3573,"B"
2686,"C"
285,"B"
5,"C"
4185,"C"
915,"C"
420,"C"
2919,"B"
3361,"C"
4261,"C"
3948,"C"
4874,"C"
1809,"C"
2141,"C"
2105,"C"
907,"C"
4104,"C"
4075,"C"
2635,"B"
3420,"B"
1904,"C"
613,"C"
942,"C"
4325,"C"
3727,"C"
1368,"C"
1859,"C"
3174,"B"
2606,"C"
1266,"C"
163,"B"
1384,"C"
843,"B"
2299,"B"
493,"C"
3257,"C"
854,"B"
3332,"B"
2989,"C"
4025,"C"
4220,"C"
3142,"C"
933,"B"
2574,"C"
1418,"C"
2861,"C"
2044,"C"
885,"C"
3838,"C"
1087,"B"
4333,"C"
1556,"B"
3518,"B"
2026,"C"
3541,"B"
2275,"C"
2905,"C"
2538,"C"
757,"C"
1797,"B"
1539,"C"
1926,"C"
4016,"C"
4006,"C"
4167,"C"
2611,"C"
1306,"B"
1360,"C"
2117,"B"
2295,"B"
3666,"C"
2428,"C"
4346,"C"
2868,"C"
1920,"B"
4149,"C"
431,"B"
105,"C"
2867,"C"
1841,"C"
2575,"C"
476,"C"
3002,"C"
1083,"C"
1846,"C"
1421,"C"
4280,"C"
1742,"C"
3521,"B"
4710,"C"
4754,"B"
1219,"C"
2352,"B"
2330,"B"
2895,"C"
3926,"B"
2968,"C"
1884,"C"
2456,"C"
1734,"C"
1656,"B"
871,"C"
276,"C"
3302,"C"
995,"C"
4129,"C"
4272,"C"
2859,"C"
652,"C"
196,"C"
3832,"C"
3611,"C"
4318,"B"
3189,"B"
1111,"C"
4051,"C"
3704,"C"
3554,"C"
293,"C"
2208,"C"
39,"C"
2975,"C"
394,"C"
4948,"B"
3000,"C"
1184,"C"
2025,"B"
2709,"C"
3302,"B"
4319,"C"
4851,"C"
14,"C"
529,"C"
601,"C"
3828,"C"
1073,"B"
3461,"C"
3598,"B"
3609,"B"
3816,"C"
971,"B"
3945,"C"
4275,"C"
808,"C"
450,"C"
113,"B"
373,"C"
2739,"C"
1510,"C"
4505,"C"
542,"B"
3276,"C"
3854,"C"
1579,"B"
3217,"B"
361,"C"
3179,"C"
3855,"C"
2379,"C"
360,"C"
979,"B"
2007,"B"
44,"C"
1531,"C"
3667,"B"
3981,"C"
3543,"B"
4553,"C"
3567,"B"
24,"B"
1931,"C"
3651,"C"
4882,"C"
3142,"C"
3714,"C"
3317,"C"
4865,"B"
1494,"B"
878,"C"
425,"C"
2152,"B"
4437,"B"
3160,"C"
462,"B"
2203,"C"
4339,"B"
2184,"C"
2794,"C"
2750,"C"
3499,"C"
1452,"C"
1245,"C"
4687,"C"
1265,"B"
2161,"B"
376,"B"
814,"C"
2142,"C"
831,"C"
3801,"B"
4947,"C"
247,"B"
336,"C"
4058,"B"
3560,"C"
3656,"C"
2507,"C"
4367,"B"
3292,"C"
4605,"C"
2185,"C"
4052,"B"
56,"B"
1549,"C"
348,"B"
4939,"B"
4738,"C"
4168,"C"
4750,"C"
1123,"C"
1984,"C"
2468,"C"
4618,"B"
485,"C"
4367,"C"
2899,"C"
492,"C"
316,"C"
2067,"C"
1027,"B"
3649,"B"
4945,"C"
1035,"C"
2037,"C"
1797,"B"
2028,"C"
1904,"C"
4402,"C"
3401,"C"
3219,"C"
3200,"C"
3792,"C"
1522,"B"
2413,"C"
3338,"C"
4207,"C"
800,"C"
1391,"B"
3697,"B"
2973,"C"
949,"B"
1544,"B"
1592,"C"
3107,"B"
701,"C"
1774,"B"
288,"C"
1433,"C"
4611,"B"
3670,"C"
714,"C"
997,"C"
2525,"B"
532,"C"
3337,"C"
1539,"C"
2938,"C"
687,"C"
4674,"B"
3280,"B"
3353,"C"
4257,"C"
299,"C"
4131,"C"
4414,"C"
2531,"B"
2519,"C"
1385,"B"
199,"C"
2677,"C"
1683,"C"
1576,"C"
2391,"C"
4455,"C"
1893,"C"
3484,"B"
3571,"C"
3537,"B"
2621,"C"
1453,"B"
3471,"C"
4241,"B"
1929,"C"
3263,"B"
3869,"C"
2921,"C"
3803,"C"
4714,"B"
2841,"C"
2744,"B"
4153,"C"
3611,"C"
3684,"C"
4911,"C"
4010,"B"
3015,"B"
265,"C"
1564,"C"
1474,"B"
3360,"C"
903,"C"
3224,"B"
3582,"C"
1430,"B"
2338,"C"
2651,"B"
961,"C"
4383,"C"
1577,"C"
824,"C"
4596,"C"
3017,"C"
2173,"C"
2382,"B"
296,"C"
1512,"B"
3957,"C"
2347,"B"
3006,"C"
3463,"C"
924,"C"
1954,"B"
1647,"B"
1605,"C"
3165,"C"
1819,"B"
1058,"C"
3675,"B"
1485,"C"
1398,"C"
1192,"B"
3580,"C"
4167,"B"
64,"B"
4567,"B"
2118,"C"
4212,"C"
4039,"B"
2853,"C"
3024,"C"
908,"C"
3194,"C"
1302,"B"
1696,"C"
3356,"C"
4510,"B"
3713,"C"
3647,"C"
4149,"C"
344,"C"
2728,"C"
4801,"C"
215,"C"
3163,"C"
2767,"B"
611,"C"
4863,"C"
1463,"C"
3663,"B"
3821,"C"
1133,"C"
2220,"C"
250,"B"
1290,"B"
1403,"B"
1299,"C"
2520,"C"
3562,"C"
3017,"C"
3004,"C"
967,"B"
53,"C"
146,"B"
4856,"C"
457,"B"
968,"C"
2765,"B"
356,"C"
1194,"C"
533,"C"
4783,"C"
4072,"B"
3748,"C"
4360,"B"
2904,"C"
4657,"C"
294,"C"
4191,"C"
1048,"C"
4224,"C"
1571,"C"
2715,"C"
3309,"C"
2576,"B"
4634,"B"
554,"B"
4686,"C"
1710,"C"
987,"C"
4952,"B"
3817,"C"
1320,"C"
1635,"C"
3057,"C"
2658,"C"
4758,"C"
4378,"B"
2327,"C"
3323,"C"
3848,"C"
3274,"B"
1416,"C"
1619,"B"
3133,"C"
2517,"C"
3284,"C"
4805,"C"
220,"C"
1218,"C"
2357,"C"
4321,"B"
3132,"C"
1769,"C"
820,"C"
679,"C"
2301,"B"
3574,"C"
235,"B"
2156,"B"
473,"C"
3726,"C"
2407,"B"
4139,"C"
1468,"C"
784,"C"
2870,"C"
3508,"C"
3003,"C"
2532,"C"
789,"C"
1086,"B"
2282,"B"
450,"C"
4593,"C"
4158,"C"
4873,"C"
2319,"C"
1349,"C"
3689,"C"
2473,"C"
1917,"C"
4315,"B"
4688,"B"
4578,"B"
3402,"B"
4669,"C"
61,"B"
1499,"B"
1045,"C"
4969,"B"
3276,"C"
4064,"C"
3021,"C"
2522,"C"
3557,"C"
2477,"C"
738,"C"
4234,"B"
3572,"C"
1520,"C"
1292,"C"
911,"B"
1152,"B"
2819,"C"
4276,"C"
502,"B"
3470,"C"
2755,"B"
1063,"B"
3534,"C"
2267,"B"
2893,"C"
2529,"B"
1510,"C"
4130,"B"
3541,"C"
3380,"C"
1251,"C"
4761,"C"
1030,"C"
2365,"C"
4692,"B"
1565,"C"
552,"C"
4531,"C"
2631,"B"
3800,"C"
4651,"C"
1098,"B"
569,"C"
576,"C"
4027,"B"
4475,"C"
75,"B"
1832,"C"
3816,"B"
1870,"C"
4985,"C"
4559,"C"
1857,"C"
4601,"C"
3713,"B"
2837,"C"
4700,"C"
4566,"B"
2941,"C"
3792,"B"
3644,"C"
1910,"C"
1254,"B"
3749,"B"
2320,"B"
3690,"C"
3932,"C"
176,"B"
695,"C"
3181,"C"
4121,"C"
2813,"B"
4905,"C"
2261,"B"
367,"C"
4226,"C"
1976,"C"
615,"B"
1031,"C"
1620,"B"
228,"B"
2942,"B"
3760,"C"
1243,"C"
2499,"C"
822,"B"
972,"C"
4923,"B"
1537,"C"
1629,"C"
4095,"C"
8,"B"
4235,"C"
4666,"C"
1860,"B"
4161,"C"
259,"C"
422,"B"
954,"C"
42,"B"
4128,"B"
3662,"B"
3721,"C"
82,"C"
2191,"C"
1987,"C"
3046,"B"
3654,"C"
2366,"C"
6,"C"
3429,"C"
1445,"B"
4085,"C"
4749,"B"
1121,"C"
1076,"C"
2393,"C"
2028,"C"
651,"C"
2851,"C"
1856,"C"
3464,"C"
4367,"C"
3977,"C"
3743,"C"
4862,"C"
990,"C"
1018,"B"
3066,"B"
2671,"C"
1415,"B"
3304,"C"
1732,"C"
4649,"B"
2306,"B"
4929,"C"
3871,"B"
1964,"C"
768,"C"
2931,"C"
3055,"C"
4470,"C"
4594,"B"
1062,"B"
1670,"B"
1047,"C"
4281,"C"
2256,"C"
1280,"C"
1396,"B"
2564,"C"
2393,"C"
479,"C"
3157,"C"
1627,"C"
1482,"C"
632,"C"
3692,"C"
1379,"C"
4899,"B"
4728,"B"
2385,"C"
2696,"C"
1644,"C"
1049,"C"
2821,"C"
3772,"B"
4740,"C"
3912,"B"
728,"C"
897,"C"
3650,"C"
4521,"B"
1876,"C"
592,"C"
3406,"C"
2878,"C"
110,"C"
1869,"C"
549,"C"
4640,"C"
3139,"C"
4922,"C"
2556,"C"
3249,"C"
4436,"B"
3552,"C"
1923,"C"
2835,"B"
2319,"C"
2986,"C"
4283,"B"
2245,"C"
1712,"B"
561,"B"
4258,"C"
2690,"C"
4803,"B"
3778,"C"
1366,"B"
4168,"C"
4416,"C"
4634,"B"
2569,"C"
4821,"C"
723,"C"
1590,"C"
565,"B"
4629,"C"
2430,"B"
247,"C"
4638,"C"
1077,"C"
2214,"C"
2928,"B"
4660,"C"
160,"C"
362,"C"
2420,"C"
4040,"B"
3665,"C"
4609,"B"
2106,"B"
2911,"C"
3888,"C"
112,"C"
1095,"C"
4330,"C"
2609,"C"
4772,"C"
4798,"C"
2278,"C"
3134,"C"
2576,"B"
1684,"C"
572,"C"
175,"C"
1754,"C"
1154,"B"
2615,"C"
4780,"C"
1686,"C"
3185,"C"
2557,"C"
764,"B"
3928,"B"
2051,"C"
3326,"B"
2143,"C"
1801,"C"
4756,"B"
3376,"C"
3788,"B"
1860,"C"
2267,"C"
4993,"C"
2284,"B"
4986,"C"
4654,"B"
2011,"B"
3437,"B"
2083,"C"
859,"B"
3230,"B"
2056,"B"
3076,"B"
58,"C"
1554,"B"
1513,"C"
3829,"C"
2489,"C"
695,"B"
4814,"C"
620,"B"
1509,"C"
4646,"C"
2488,"C"
3010,"B"
145,"B"
3371,"C"
3148,"C"
3716,"B"
347,"C"
1363,"C"
223,"B"
4624,"B"
594,"B"
238,"C"
498,"B"
4150,"B"
2163,"C"
856,"B"
3908,"C"
4942,"C"
1851,"B"
4116,"B"
411,"C"
1253,"C"
1021,"C"
2431,"C"
1978,"C"
4811,"C"
4517,"B"
2476,"C"
797,"B"
3826,"C"
2912,"C"
183,"C"
3163,"C"
4131,"C"
3166,"C"
10,"C"
3201,"C"
107,"B"
216,"C"
4485,"B"
2691,"C"
264,"B"
1117,"C"
2975,"C"
2083,"B"
1533,"C"
3488,"C"
1835,"C"
1717,"B"
1598,"C"
4323,"B"
3158,"C"
365,"C"
2161,"C"
3169,"B"
1395,"C"
2791,"B"
3080,"C"
1612,"C"
3272,"C"
4372,"C"
2222,"C"
491,"C"
2538,"C"
4968,"C"
3160,"C"
3743,"B"
4245,"C"
2475,"B"
4858,"C"
4533,"C"
244,"C"
1441,"C"
2753,"C"
2242,"C"
3744,"B"
2270,"C"
2769,"B"
4305,"B"
3500,"C"
4409,"C"
1714,"B"
4914,"B"
108,"C"
1614,"B"
3915,"C"
2144,"C"
2509,"C"
2717,"C"
3059,"C"
2587,"C"
1984,"C"
1448,"B"
3063,"C"
3779,"C"
3428,"C"
3449,"C"
2681,"C"
3198,"C"
3059,"C"
3447,"C"
3936,"B"
2389,"C"
73,"C"
796,"C"
3180,"B"
2796,"C"
1250,"C"
2860,"C"
3607,"B"
4415,"C"
3548,"C"
2129,"C"
1101,"C"
1018,"C"
4055,"C"
4961,"C"
1678,"C"
934,"B"
1845,"B"
295,"B"
2522,"C"
4176,"B"
858,"B"
732,"B"
4059,"C"
4635,"C"
1187,"B"
3068,"B"
862,"B"
1679,"C"
1566,"C"
64,"C"
638,"C"
1504,"C"
4539,"B"
1166,"B"
3071,"C"
4064,"B"
1517,"C"
2543,"C"
4292,"C"
2686,"B"
3386,"C"
2763,"C"
851,"C"
4794,"C"
867,"B"
1959,"C"
1321,"C"
576,"C"
3471,"C"
2619,"B"
1196,"C"
4628,"B"
1602,"B"
3553,"C"
1441,"C"
3037,"C"
1447,"C"
4140,"C"
4137,"C"
4385,"C"
4917,"C"
4027,"C"
1819,"C"
328,"B"
4962,"C"
963,"B"
4797,"C"
607,"B"
3199,"C"
4736,"B"
1264,"C"
2600,"C"
3802,"C"
297,"C"
1882,"B"
561,"C"
1406,"B"
2269,"B"
2999,"C"
4470,"C"
3106,"C"
1587,"B"
1210,"C"
161,"B"
3094,"C"
4365,"B"
2242,"B"
4534,"C"
1976,"B"
2901,"B"
37,"C"
1654,"B"
2900,"B"
2960,"C"
3182,"C"
1926,"C"
4214,"C"
2286,"C"
4757,"C"
4471,"C"
2511,"C"
4232,"C"
500,"C"
4116,"B"
3940,"C"
2210,"C"
2605,"B"
2786,"C"
4030,"B"
297,"C"
4534,"C"
4037,"B"
895,"C"
547,"B"
1059,"C"
59,"B"
4929,"C"
4502,"C"
1821,"B"
1179,"C"
1233,"C"
2166,"C"
3920,"B"
1109,"B"
4508,"C"
3245,"C"
4591,"C"
3203,"B"
2914,"C"
2741,"C"
4029,"B"
4074,"B"
3345,"C"
2883,"B"
32,"C"
3315,"C"
2721,"B"
4985,"C"
4460,"C"
902,"B"
52,"B"
1737,"C"
228,"C"
4929,"C"
3315,"C"
4763,"B"
3409,"C"
3349,"C"
2601,"C"
850,"C"
3145,"C"
870,"B"
909,"C"
3802,"B"
679,"C"
1720,"B"
4108,"B"
2433,"C"
2732,"C"
4000,"C"
4552,"C"
3694,"C"
3211,"C"
3582,"C"
4282,"C"
2175,"C"
3228,"B"
943,"C"
4007,"C"
1659,"B"
1774,"B"
3061,"B"
4524,"C"
156,"C"
4225,"C"
3184,"C"
2519,"C"
4836,"B"
4442,"C"
2636,"B"
2819,"C"
4556,"C"
550,"C"
1160,"C"
358,"C"
1625,"C"
1317,"C"
4324,"C"
3986,"C"
2936,"B"
4247,"C"
901,"C"
4190,"C"
2581,"C"
1839,"C"
3038,"C"
1198,"B"
2475,"B"
2980,"B"
710,"C"
2679,"B"
1335,"C"
4576,"B"
2471,"B"
2127,"B"
1957,"B"
1494,"C"
4771,"B"
3790,"C"
3988,"C"
3694,"C"
0,"B"
3459,"C"
4937,"C"
4616,"C"
3307,"C"
2219,"C"
1033,"C"
4758,"C"
2745,"C"
4752,"B"
2832,"B"
1604,"C"
2270,"C"
172,"C"
22,"B"
678,"B"
273,"C"
4274,"C"
2747,"B"
3698,"C"
2715,"C"
4631,"C"
2001,"C"
4370,"B"
55,"C"
2035,"C"
3350,"C"
2199,"C"
4149,"C"
4791,"C"
101,"B"
3627,"C"
3426,"B"
2562,"C"
830,"B"
3279,"C"
909,"B"
3088,"C"
838,"C"
2268,"C"
1359,"C"
489,"B"
3671,"C"
314,"B"
546,"B"
3581,"C"
2339,"C"
242,"C"
3031,"C"
2171,"B"
1002,"C"
4461,"C"
1733,"C"
2718,"C"
1320,"B"
3164,"C"
1073,"C"
4015,"C"
4401,"C"
1241,"B"
470,"C"
3949,"C"
955,"C"
1986,"C"
1076,"C"
2341,"B"
269,"B"
2259,"B"
2846,"C"
2992,"B"
3474,"B"
4674,"C"
288,"B"
1122,"C"
831,"C"
3243,"B"
1292,"B"
1272,"C"
4301,"C"
1460,"C"
868,"B"
1219,"B"
478,"C"
3609,"B"
1639,"B"
4136,"C"
4089,"C"
3686,"C"
4729,"B"
437,"B"
1593,"C"
3730,"B"
2915,"C"
1840,"C"
2781,"B"
3918,"C"
1977,"C"
2985,"B"
3121,"C"
1462,"C"
4793,"B"
1134,"C"
1022,"C"
1889,"C"
1049,"C"
1298,"C"
3026,"B"
1682,"C"
3955,"C"
2436,"C"
3775,"C"
2536,"B"
3398,"C"
3038,"C"
4045,"C"
4215,"B"
4072,"C"
2351,"B"
4012,"C"
47,"C"
4507,"C"
2494,"C"
4776,"B"
2618,"C"
1852,"C"
2549,"C"
4791,"C"
3736,"C"
2063,"B"
1144,"C"
4909,"B"
823,"B"
415,"C"
124,"C"
3105,"C"
386,"B"
630,"C"
4079,"C"
4001,"B"
4009,"C"
3578,"B"
3884,"C"
4512,"C"
980,"C"
2950,"C"
1247,"C"
1919,"C"
4296,"B"
2405,"B"
3072,"C"
3435,"B"
2463,"C"
1436,"C"
461,"B"
3016,"B"
3856,"C"
3352,"B"
4371,"B"
86,"C"
173,"B"
2030,"B"
1136,"B"
1188,"C"
2651,"C"
4243,"C"
3288,"C"
1661,"C"
2187,"B"
205,"C"
4316,"C"
4192,"C"
2526,"B"
3413,"C"
3767,"C"
3019,"B"
4825,"C"
3118,"C"
544,"C"
1133,"C"
2452,"C"
102,"C"
2162,"C"
4221,"C"
13,"B"
572,"B"
2115,"B"
3664,"C"
726,"C"
1336,"B"
3422,"C"
1542,"C"
4066,"C"
3017,"C"
1361,"B"
1966,"B"
4633,"C"
136,"C"
3460,"B"
2351,"B"
1081,"C"
4930,"B"
1970,"C"
1650,"B"
2762,"B"
694,"B"
1134,"C"
2268,"B"
567,"B"
3111,"C"
4698,"C"
1411,"C"
126,"C"
2219,"B"
4781,"B"
668,"C"
570,"B"
3750,"C"
4286,"C"
3332,"C"
3177,"C"
4059,"B"
3093,"C"
4586,"B"
1552,"C"
852,"C"
4362,"C"
7,"B"
3577,"C"
1388,"B"
426,"C"
1274,"C"
2482,"B"
2962,"C"
592,"C"
2694,"C"
456,"B"
4142,"B"
1677,"C"
852,"C"
2395,"C"
809,"C"
3597,"B"
3131,"B"
1423,"B"
280,"B"
194,"B"
4273,"C"
3182,"C"
2653,"B"
4710,"B"
1722,"C"
2225,"C"
3739,"C"
4799,"C"
663,"C"
1755,"C"
316,"B"
3766,"B"
2228,"C"
19,"C"
3298,"B"
25,"C"
2792,"C"
4184,"B"
2698,"C"
2899,"C"
4959,"B"
2569,"B"
1669,"C"
408,"B"
1562,"B"
4480,"B"
3009,"C"
1377,"C"
2693,"C"
3665,"C"
4547,"C"
4815,"B"
2557,"C"
1208,"B"
335,"C"
3332,"C"
3858,"C"
1131,"B"
1133,"C"
3637,"C"
1349,"C"
2917,"C"
3887,"B"
4473,"C"
111,"C"
2533,"C"
1602,"C"
3103,"C"
3020,"B"
2004,"B"
1407,"B"
1662,"B"
2451,"C"
1432,"C"
3756,"C"
2376,"C"
1560,"C"
737,"C"
3193,"C"
257,"C"
3458,"C"
357,"B"
1599,"C"
2412,"C"
372,"C"
2009,"C"
319,"C"
4352,"C"
151,"C"
1661,"C"
2253,"B"
116,"B"
138,"C"
2565,"C"
207,"C"
320,"C"
2014,"C"
4853,"C"
4155,"C"
2400,"B"
996,"C"
2659,"C"
1550,"B"
1738,"B"
197,"C"
1149,"C"
2669,"C"
1345,"B"
3516,"C"
4724,"C"
1305,"C"
4875,"C"
3569,"C"
166,"C"
4741,"C"
3451,"C"
355,"B"
3269,"C"
4832,"C"
2775,"C"
4926,"B"
3224,"C"
4299,"C"
3636,"C"
1230,"B"
4984,"C"
3737,"B"
4016,"B"
2446,"C"
415,"C"
4815,"C"
1158,"C"
3648,"B"
120,"C"
3306,"C"
528,"C"
4852,"C"
1286,"B"
2437,"C"
2416,"C"
1106,"B"
2386,"C"
3482,"B"
4063,"B"
114,"C"
494,"C"
3118,"C"
3467,"B"
4920,"B"
1895,"B"
4289,"C"
31,"B"
1535,"C"
2182,"C"
4641,"B"
1587,"C"
4004,"C"
2186,"C"
3400,"C"
2157,"C"
1343,"B"
1657,"B"
174,"B"
3114,"C"
4259,"C"
4744,"C"
3984,"C"
3405,"C"
4153,"C"
3545,"C"
1355,"C"
3223,"C"
3528,"C"
4843,"B"
1257,"B"
2106,"C"
2948,"C"
95,"C"
4878,"B"
2375,"B"
2693,"C"
3974,"C"
2433,"C"
2044,"C"
1586,"B"
4401,"C"
4857,"C"
2624,"C"
1086,"C"
2945,"B"
2422,"B"
2183,"C"
945,"C"
1827,"C"
2423,"C"
3016,"C"
4056,"C"
725,"C"
619,"B"
2729,"B"
2927,"B"
1108,"C"
1868,"C"
2629,"B"
2829,"C"
3998,"B"
1826,"B"
4768,"C"
555,"B"
4218,"C"
2373,"C"
3240,"C"
2818,"B"
2561,"C"
4145,"B"
3763,"C"
1421,"B"
3318,"C"
3502,"C"
109,"B"
1224,"B"
3633,"C"
4136,"C"
154,"C"
2559,"B"
317,"B"
2510,"B"
4916,"B"
784,"C"
4212,"C"
1118,"C"
770,"C"
882,"B"
4231,"C"
1092,"C"
4018,"B"
4662,"C"
1509,"C"
1631,"C"
2020,"B"
927,"B"
2901,"B"
3444,"B"
1994,"C"
3751,"C"
3119,"B"
3051,"C"
2579,"C"
3410,"C"
2441,"B"
2630,"C"
3041,"C"
2518,"B"
3668,"C"
1576,"B"
3932,"C"
2040,"C"
3899,"C"
213,"C"
623,"C"
1415,"C"
3023,"C"
4343,"B"
3141,"C"
761,"C"
962,"C"
4638,"C"
2880,"C"
1812,"C"
3164,"B"
2852,"C"
4597,"C"
3889,"B"
2625,"C"
1833,"C"
1450,"B"
1100,"C"
4382,"C"
2995,"C"
3638,"C"
2749,"C"
1924,"B"
2015,"C"
403,"C"
967,"C"
4630,"C"
1523,"B"
2283,"B"
2505,"C"
3530,"B"
3855,"C"
1808,"C"
2783,"B"
4052,"C"
3451,"B"
1216,"C"
4421,"C"
4967,"B"
580,"C"
2142,"C"
4580,"C"
4019,"C"
1185,"C"
2029,"B"
3003,"C"
4086,"C"
2499,"C"
1382,"C"
3375,"C"
2667,"C"
352,"C"
3622,"B"
2646,"C"
1317,"C"
1640,"C"
1844,"C"
1473,"C"
4480,"C"
4922,"B"
1336,"B"
3497,"C"
2447,"C"
3680,"C"
1721,"B"
4982,"C"
2497,"B"
3050,"C"
3615,"C"
2404,"C"
226,"C"
4505,"C"
23,"C"
4347,"B"
56,"C"
4208,"C"
900,"B"
3592,"B"
4900,"C"
2866,"B"
3230,"C"
1879,"B"
3007,"C"
2483,"C"
1974,"C"
3993,"B"
3233,"C"
4681,"C"
1278,"B"
3256,"C"
2416,"B"
457,"C"
3427,"C"
4652,"B"
2954,"C"
3062,"B"
1444,"C"
901,"C"
2300,"B"
696,"C"
4368,"B"
1177,"C"
4687,"C"
939,"C"
2617,"C"
4573,"C"
3050,"C"
4028,"C"
4372,"C"
2572,"B"
3473,"C"
4167,"C"
143,"C"
3599,"C"
1621,"C"
3640,"C"
60,"B"
2232,"B"
3573,"C"
2619,"B"
2147,"C"
1796,"B"
3693,"C"
3818,"C"
4996,"B"
1797,"C"
3125,"C"
2377,"C"
3782,"C"
4831,"C"
4092,"B"
2640,"B"
103,"C"
2252,"C"
4465,"C"
3641,"C"
2987,"C"
2865,"B"
4510,"B"
4078,"C"
836,"C"
1593,"C"
4087,"C"
2998,"B"
94,"C"
3830,"B"
527,"C"
2786,"C"
7,"B"
2025,"C"
897,"B"
530,"B"
2334,"B"
3412,"C"
1337,"C"
513,"C"
3679,"B"
780,"B"
481,"B"
3470,"B"
4894,"C"
3821,"C"
2265,"C"
1023,"C"
4307,"B"
4960,"C"
752,"B"
2517,"C"
4550,"C"
2397,"C"
1267,"C"
3405,"C"
2147,"C"
2929,"C"
3945,"B"
1816,"B"
3054,"C"
3487,"C"
1168,"C"
898,"C"
2062,"C"
1167,"C"
2823,"C"
4754,"B"
3273,"C"
1279,"C"
794,"B"
2575,"C"
2322,"C"
423,"C"
4178,"B"
2588,"C"
4887,"C"
716,"C"
1100,"C"
3390,"C"
2692,"C"
3406,"C"
519,"C"
4405,"C"
77,"B"
805,"B"
